Age,Attrition,BusinessTravel,DailyRate,Department,DistanceFromHome,Education,EducationField,EnvironmentSatisfaction,Gender,HourlyRate,JobInvolvement,JobLevel,JobRole,JobSatisfaction,MaritalStatus,MonthlyIncome,MonthlyRate,NumCompaniesWorked,OverTime,PercentSalaryHike,PerformanceRating,RelationshipSatisfaction,StockOptionLevel,TotalWorkingYears,TrainingTimesLastYear,WorkLifeBalance,YearsAtCompany,YearsInCurrentRole,YearsSinceLastPromotion,YearsWithCurrManager,Tenure,MarketSalary,Salary_vs_Market,Promotion_Frequency,Age_Group,Predicted_Attrition_RF,Attrition_Probability_RF,Risk_Level
41,Yes,2,1102,Sales,1,2,1,2,Female,94,3,2,7,4,2,5993,19479,8,1,11,3,1,0,8,0,1,6,4,0,5,6,6231.0,-238.0,6.0,36-45,Yes,0.5830593431365855,Low
49,No,1,279,Research & Development,8,1,1,3,Male,61,2,2,6,2,1,5130,24907,1,0,23,4,4,1,10,3,3,10,7,1,7,10,2887.5,2242.5,5.0,46-60,No,0.04739918869521099,Low
37,Yes,2,1373,Research & Development,2,2,4,4,Male,92,2,1,2,3,2,2090,2396,6,1,15,3,2,0,7,3,3,0,0,0,0,0,2886.0,-796.0,0.0,36-45,No,0.4626894336214474,Low
33,No,1,1392,Research & Development,3,4,1,4,Female,56,3,1,6,3,1,2909,23159,1,1,11,3,3,0,8,3,3,8,7,3,0,8,2887.5,21.5,2.0,26-35,No,0.22804527577514913,Low
27,No,2,591,Research & Development,2,1,3,1,Male,40,3,1,2,2,1,3468,16632,9,0,12,3,4,1,6,3,3,2,2,2,2,2,2886.0,582.0,0.6666666666666666,26-35,No,0.12408126730516476,Low
32,No,1,1005,Research & Development,2,2,1,4,Male,79,3,1,2,4,2,3068,11864,0,0,13,3,3,0,8,2,2,7,7,3,6,7,2886.0,182.0,1.75,26-35,No,0.026302627547075696,Low
59,No,2,1324,Research & Development,3,3,3,3,Female,81,4,1,2,1,1,2670,9964,4,1,20,4,1,3,12,3,2,1,0,0,0,1,2886.0,-216.0,1.0,46-60,No,0.09828038796560314,Low
30,No,2,1358,Research & Development,24,1,1,4,Male,67,3,1,2,3,0,2693,13335,1,0,22,4,2,1,1,2,3,1,0,0,0,1,2886.0,-193.0,1.0,26-35,No,0.1806978194277237,Low
38,No,1,216,Research & Development,23,3,1,4,Male,44,2,3,4,3,2,9526,8787,0,0,21,4,2,0,10,2,3,9,7,1,8,9,6447.0,3079.0,4.5,36-45,No,0.05233223009075806,Low
36,No,2,1299,Research & Development,27,3,3,3,Male,94,3,2,0,3,1,5237,16577,6,0,13,3,2,2,17,3,2,7,7,7,7,7,6811.0,-1574.0,0.875,36-45,No,0.027202775875752407,Low
35,No,2,809,Research & Development,16,3,3,1,Male,84,4,1,2,2,1,2426,16479,0,0,13,3,3,1,6,5,3,5,4,0,3,5,2886.0,-460.0,5.0,26-35,No,0.11670794200892892,Low
29,No,2,153,Research & Development,15,2,1,4,Female,49,2,2,2,3,2,4193,12682,0,1,12,3,4,0,10,3,3,9,5,0,8,9,2886.0,1307.0,9.0,26-35,No,0.10592625332566273,Low
31,No,2,670,Research & Development,26,1,1,1,Male,31,3,1,6,3,0,2911,15170,1,0,17,3,4,1,5,1,2,5,2,4,3,5,2887.5,23.5,1.0,26-35,No,0.07731111043898348,Low
34,No,2,1346,Research & Development,19,2,3,2,Male,93,3,1,2,4,0,2661,8758,0,0,11,3,3,1,3,2,3,2,2,1,2,2,2886.0,-225.0,1.0,26-35,No,0.07439047161256282,Low
28,Yes,2,103,Research & Development,24,3,1,3,Male,50,2,1,2,3,2,2028,12947,5,1,14,3,2,0,6,4,3,4,2,0,3,4,2886.0,-858.0,4.0,26-35,Yes,0.7966928900683884,High
29,No,2,1389,Research & Development,21,4,1,2,Female,51,4,3,4,1,0,9980,10195,1,0,11,3,3,1,10,1,3,10,9,8,8,10,6447.0,3533.0,1.1111111111111112,26-35,No,0.05047946328814115,Low
32,No,2,334,Research & Development,5,2,1,1,Male,80,4,1,6,2,0,3298,15053,0,1,12,3,4,2,7,5,2,6,2,0,5,6,2887.5,410.5,6.0,26-35,No,0.12816410646138254,Low
22,No,0,1123,Research & Development,16,2,3,4,Male,96,4,1,2,4,0,2935,7324,1,1,13,3,2,2,1,2,2,1,0,0,0,1,2886.0,49.0,1.0,18-25,No,0.4731390415140415,Low
53,No,2,1219,Sales,2,4,1,1,Female,78,2,4,3,4,1,15427,22021,2,0,16,3,3,0,31,3,3,25,8,3,7,25,17454.5,-2027.5,6.25,46-60,No,0.022149119948456458,Low
38,No,2,371,Research & Development,2,3,1,4,Male,45,3,1,6,4,2,3944,4306,5,1,11,3,3,0,6,3,3,3,2,1,2,3,2887.5,1056.5,1.5,36-45,No,0.09765467900233754,Low
24,No,0,673,Research & Development,11,2,4,1,Female,96,4,2,4,3,0,4011,8232,0,0,18,3,4,1,5,5,2,4,2,1,3,4,6447.0,-2436.0,2.0,18-25,No,0.04362120258606023,Low
36,Yes,2,1218,Sales,9,4,1,3,Male,82,2,1,8,1,2,3407,6986,7,0,23,4,2,0,10,4,3,5,3,0,3,5,2579.0,828.0,5.0,36-45,Yes,0.5870848090197877,Low
34,No,2,419,Research & Development,7,4,1,1,Female,53,3,3,5,2,2,11994,21293,0,0,11,3,3,0,13,4,3,12,6,2,11,12,16510.0,-4516.0,4.0,26-35,No,0.03520844861651686,Low
21,No,2,391,Research & Development,15,2,1,3,Male,96,3,1,6,4,2,1232,19281,1,0,14,3,4,0,0,6,3,0,0,0,0,0,2887.5,-1655.5,0.0,18-25,No,0.2216863519177761,Low
34,Yes,2,699,Research & Development,6,1,3,2,Male,83,3,1,6,1,2,2960,17102,2,0,11,3,3,0,8,2,3,4,2,1,3,4,2887.5,72.5,2.0,26-35,No,0.07750678471791579,Low
53,No,2,1282,Research & Development,5,3,4,3,Female,58,3,5,3,3,0,19094,10735,4,0,11,3,4,1,26,3,2,14,13,4,8,14,17454.5,1639.5,2.8,46-60,No,0.019411278802180187,Low
32,Yes,1,1125,Research & Development,16,1,1,2,Female,72,1,1,6,1,2,3919,4681,1,1,22,4,2,0,10,5,3,10,2,6,7,10,2887.5,1031.5,1.4285714285714286,26-35,Yes,0.6639921908013557,High
42,No,2,691,Sales,8,4,2,3,Male,48,3,2,7,2,1,6825,21173,0,0,11,3,4,1,10,2,3,9,7,4,2,9,6231.0,594.0,1.8,36-45,No,0.05609036113677296,Low
44,No,2,477,Research & Development,7,4,3,1,Female,42,2,3,0,4,1,10248,2094,3,0,14,3,4,1,24,4,3,22,6,5,17,22,6811.0,3437.0,3.6666666666666665,36-45,No,0.034701084370510595,Low
46,No,2,705,Sales,2,4,2,2,Female,83,3,5,3,1,2,18947,22822,3,0,12,3,4,0,22,2,2,2,2,2,1,2,17454.5,1492.5,0.6666666666666666,46-60,No,0.03746877774784389,Low
33,No,2,924,Research & Development,2,3,3,3,Male,78,3,1,2,4,2,2496,6670,4,0,11,3,4,0,7,3,3,1,1,0,0,1,2886.0,-390.0,1.0,26-35,No,0.09419360623719279,Low
44,No,2,1459,Research & Development,10,4,4,4,Male,41,3,2,0,4,1,6465,19121,2,1,13,3,4,0,9,5,4,4,2,1,3,4,6811.0,-346.0,2.0,36-45,No,0.04989299574875331,Low
30,No,2,125,Research & Development,9,2,3,4,Male,83,2,1,2,3,2,2206,16117,1,0,13,3,1,0,10,5,3,10,0,1,8,10,2886.0,-680.0,5.0,26-35,No,0.08981855274065013,Low
39,Yes,2,895,Sales,5,3,5,4,Male,56,3,2,8,4,1,2086,3335,3,0,14,3,3,1,19,6,4,1,0,0,0,1,2579.0,-493.0,1.0,36-45,Yes,0.7186638294018074,High
24,Yes,2,813,Research & Development,1,3,3,2,Male,61,3,1,6,4,1,2293,3020,2,1,16,3,1,1,6,2,2,2,0,2,0,2,2887.5,-594.5,0.6666666666666666,18-25,Yes,0.717673886547714,High
43,No,2,1273,Research & Development,2,2,3,4,Female,72,4,1,6,3,0,2645,21923,1,0,12,3,4,2,6,3,2,5,3,1,4,5,2887.5,-242.5,2.5,36-45,No,0.015625299645311806,Low
50,Yes,2,869,Sales,3,2,2,1,Male,86,2,1,8,3,1,2683,3810,1,1,14,3,3,0,3,2,3,3,2,0,2,3,2579.0,104.0,3.0,46-60,No,0.24457069400323367,Low
35,No,2,890,Sales,2,3,2,4,Female,97,3,1,8,4,1,2014,9687,1,0,13,3,1,0,2,3,3,2,2,2,2,2,2579.0,-565.0,0.6666666666666666,26-35,No,0.11314853068144508,Low
36,No,2,852,Research & Development,5,4,1,2,Female,82,2,1,6,1,1,3419,13072,9,1,14,3,4,1,6,3,4,1,1,0,0,1,2887.5,531.5,1.0,36-45,No,0.06725180693614353,Low
33,No,1,1141,Sales,1,3,1,3,Female,42,4,2,7,1,1,5376,3193,2,0,19,3,1,2,10,3,3,5,3,1,3,5,6231.0,-855.0,2.5,26-35,No,0.025818025079976933,Low
35,No,2,464,Research & Development,4,2,4,3,Male,75,3,1,2,4,0,1951,10910,1,0,12,3,3,1,1,3,3,1,0,0,0,1,2886.0,-935.0,1.0,26-35,No,0.07423676647846948,Low
27,No,2,1240,Research & Development,2,4,1,4,Female,33,3,1,2,1,0,2341,19715,1,0,13,3,4,1,1,6,3,1,0,0,0,1,2886.0,-545.0,1.0,26-35,Yes,0.5161694310170117,Low
26,Yes,2,1357,Research & Development,25,3,1,1,Male,48,1,1,2,3,2,2293,10558,1,0,12,3,3,0,1,2,2,1,0,0,1,1,2886.0,-593.0,1.0,26-35,Yes,0.8476574711733945,High
27,No,1,994,Sales,8,3,1,4,Male,37,3,3,7,3,2,8726,2975,1,0,15,3,4,0,9,0,3,9,8,1,7,9,6231.0,2495.0,4.5,26-35,No,0.04993899476697943,Low
30,No,1,721,Research & Development,1,2,3,3,Female,58,3,2,2,4,2,4011,10781,1,0,23,4,4,0,12,2,3,12,8,3,7,12,2886.0,1125.0,3.0,26-35,No,0.11215487390926908,Low
41,Yes,2,1360,Research & Development,12,3,5,2,Female,49,3,5,5,3,1,19545,16280,1,0,12,3,4,0,23,0,3,22,15,15,8,22,16510.0,3035.0,1.375,36-45,No,0.10471511660544518,Low
34,No,0,1065,Sales,23,4,2,2,Male,72,3,2,7,3,2,4568,10034,0,0,20,4,3,0,10,2,3,9,5,8,7,9,6231.0,-1663.0,1.0,26-35,No,0.08319499066868395,Low
37,No,2,408,Research & Development,19,2,1,2,Male,73,3,1,6,2,1,3022,10227,4,0,21,4,1,0,8,1,3,1,0,0,0,1,2887.5,134.5,1.0,36-45,No,0.09090393185115733,Low
46,No,1,1211,Sales,5,4,2,1,Male,98,3,2,7,4,2,5772,20445,4,1,21,4,3,0,14,4,3,9,6,0,8,9,6231.0,-459.0,9.0,46-60,No,0.12016711618330692,Low
35,No,2,1229,Research & Development,8,1,1,4,Male,36,4,1,2,4,1,2269,4892,1,0,19,3,4,0,1,2,3,1,0,0,1,1,2886.0,-617.0,1.0,26-35,No,0.16001628107138505,Low
48,Yes,2,626,Research & Development,1,2,1,1,Male,98,2,3,2,3,2,5381,19294,9,1,13,3,4,0,23,2,3,1,0,0,0,1,2886.0,2495.0,1.0,46-60,Yes,0.7465162903864506,High
28,Yes,2,1434,Research & Development,5,4,5,3,Male,50,3,1,2,3,2,3441,11179,1,1,13,3,3,0,2,3,2,2,2,2,2,2,2886.0,555.0,0.6666666666666666,26-35,Yes,0.7087841175046787,High
44,No,2,1488,Sales,1,5,2,2,Female,75,3,2,7,1,0,5454,4009,5,1,21,4,3,1,9,2,2,4,3,1,3,4,6231.0,-777.0,2.0,36-45,No,0.061142722175112026,Low
35,No,0,1097,Research & Development,11,2,3,3,Male,79,2,3,0,1,1,9884,8302,2,1,13,3,3,1,10,3,3,4,0,2,3,4,6811.0,3073.0,1.3333333333333333,26-35,No,0.0812164684146254,Low
26,No,2,1443,Sales,23,3,2,3,Female,47,2,2,7,4,1,4157,21436,7,1,19,3,3,1,5,2,2,2,2,0,0,2,6231.0,-2074.0,2.0,26-35,No,0.15867280998550237,Low
33,No,1,515,Research & Development,1,2,1,1,Female,98,3,3,5,4,2,13458,15146,1,1,12,3,3,0,15,1,3,15,14,8,12,15,16510.0,-3052.0,1.6666666666666667,26-35,No,0.06271086222596844,Low
35,No,1,853,Sales,18,5,1,2,Male,71,3,3,7,1,1,9069,11031,1,0,22,4,4,1,9,3,2,9,8,1,8,9,6231.0,2838.0,4.5,26-35,No,0.04562964218574036,Low
35,No,2,1142,Research & Development,23,4,3,3,Female,30,3,1,2,1,1,4014,16002,3,1,15,3,3,1,4,3,3,2,2,2,2,2,2886.0,1128.0,0.6666666666666666,26-35,No,0.13778668176579204,Low
31,No,2,655,Research & Development,7,4,1,4,Male,48,3,2,2,4,0,5915,9528,3,0,22,4,4,1,10,3,2,7,7,1,7,7,2886.0,3029.0,3.5,26-35,No,0.062388577856082005,Low
37,No,2,1115,Research & Development,1,4,1,1,Male,51,2,2,4,3,0,5993,2689,1,0,18,3,3,1,7,2,4,7,5,0,7,7,6447.0,-454.0,7.0,36-45,No,0.008628239606428749,Low
32,No,2,427,Research & Development,1,3,3,1,Male,33,3,2,4,4,1,6162,10877,1,1,22,4,2,1,9,3,3,9,8,7,8,9,6447.0,-285.0,1.125,26-35,No,0.04798917645399806,Low
38,No,1,653,Research & Development,29,5,1,4,Female,50,3,2,2,4,2,2406,5456,1,0,11,3,4,0,10,2,3,10,3,9,9,10,2886.0,-480.0,1.0,36-45,No,0.11031249252775521,Low
50,No,2,989,Research & Development,7,2,3,2,Female,43,2,5,5,3,0,18740,16701,5,1,12,3,4,1,29,2,2,27,3,13,8,27,16510.0,2230.0,1.9285714285714286,46-60,No,0.04047463159732058,Low
59,No,2,1435,Sales,25,3,1,1,Female,99,3,3,7,1,2,7637,2354,7,0,11,3,4,0,28,3,2,21,16,7,9,21,6231.0,1406.0,2.625,46-60,No,0.11306132856268579,Low
36,No,2,1223,Research & Development,8,3,5,3,Female,59,3,3,0,3,0,10096,8202,1,0,13,3,2,3,17,2,3,17,14,12,8,17,6811.0,3285.0,1.3076923076923077,36-45,No,0.041144697617754626,Low
55,No,2,836,Research & Development,8,3,3,4,Female,33,3,4,3,3,0,14756,19730,2,1,14,3,3,3,21,2,3,5,0,0,2,5,17454.5,-2698.5,5.0,46-60,No,0.03168293781025017,Low
36,No,1,1195,Research & Development,11,3,1,2,Male,95,2,2,4,2,2,6499,22656,1,0,13,3,3,0,6,3,3,6,5,0,3,6,6447.0,52.0,6.0,36-45,No,0.049158922955610036,Low
45,No,2,1339,Research & Development,7,3,1,2,Male,59,3,3,6,1,0,9724,18787,2,0,17,3,3,1,25,2,3,1,0,0,0,1,2887.5,6836.5,1.0,36-45,No,0.0471438353112473,Low
35,No,1,664,Research & Development,1,3,3,2,Male,79,3,1,6,1,1,2194,5868,4,0,13,3,4,1,5,2,2,3,2,1,2,3,2887.5,-693.5,1.5,26-35,No,0.05442228398456576,Low
36,Yes,2,318,Research & Development,9,3,3,4,Male,79,2,1,6,3,1,3388,21777,0,1,17,3,1,1,2,0,2,1,0,0,0,1,2887.5,500.5,1.0,36-45,No,0.28560915047165764,Low
59,No,1,1225,Sales,1,1,1,1,Female,57,2,2,7,3,2,5473,24668,7,0,11,3,4,0,20,2,2,4,3,1,3,4,6231.0,-758.0,2.0,46-60,No,0.14176905719440758,Low
29,No,2,1328,Research & Development,2,3,1,3,Male,76,3,1,6,2,1,2703,4956,0,0,23,4,4,1,6,3,3,5,4,0,4,5,2887.5,-184.5,5.0,26-35,No,0.026142068023464544,Low
31,No,2,1082,Research & Development,1,4,3,3,Male,87,3,1,6,2,2,2501,18775,1,0,17,3,2,0,1,4,3,1,1,1,0,1,2887.5,-386.5,0.5,26-35,No,0.19053132037899517,Low
32,No,2,548,Research & Development,1,3,1,2,Male,66,3,2,6,2,1,6220,7346,1,0,17,3,2,2,10,3,3,10,4,0,9,10,2887.5,3332.5,10.0,26-35,No,0.0393852502182239,Low
36,No,2,132,Research & Development,6,3,1,2,Female,55,4,1,2,4,1,3038,22002,3,0,12,3,2,0,5,3,3,1,0,0,0,1,2886.0,152.0,1.0,36-45,No,0.08965182651129378,Low
31,No,2,746,Research & Development,8,4,1,3,Female,61,3,2,4,4,2,4424,20682,1,0,23,4,4,0,11,2,3,11,7,1,8,11,6447.0,-2023.0,5.5,26-35,No,0.026499922497733502,Low
35,No,2,776,Sales,1,4,2,3,Male,32,2,2,7,1,2,4312,23016,0,0,14,3,2,0,16,2,3,15,13,2,8,15,6231.0,-1919.0,5.0,26-35,No,0.045470104699834174,Low
45,No,2,193,Research & Development,6,4,4,4,Male,52,3,3,5,1,1,13245,15067,4,1,14,3,2,0,17,3,4,0,0,0,0,0,16510.0,-3265.0,0.0,36-45,No,0.06480608240219159,Low
37,No,2,397,Research & Development,7,4,3,1,Male,30,3,3,5,3,2,13664,25258,4,0,13,3,1,0,16,3,4,5,2,0,2,5,16510.0,-2846.0,5.0,36-45,No,0.056487955114903246,Low
46,No,2,945,Human Resources,5,2,3,2,Male,80,3,2,1,2,0,5021,10425,8,1,22,4,4,1,16,2,3,4,2,0,2,4,3093.0,1928.0,4.0,46-60,No,0.05896585101897864,Low
30,No,2,852,Research & Development,1,1,1,4,Male,55,2,2,2,4,1,5126,15998,1,1,12,3,3,2,10,1,2,10,8,3,0,10,2886.0,2240.0,2.5,26-35,No,0.06891024324056459,Low
35,No,2,1214,Research & Development,1,3,3,2,Male,30,2,1,6,3,2,2859,26278,1,0,18,3,1,0,6,3,3,6,4,0,4,6,2887.5,-28.5,6.0,26-35,No,0.04055541936730253,Low
55,No,2,111,Sales,1,2,1,1,Male,70,3,3,7,4,1,10239,18092,3,0,14,3,4,1,24,4,3,1,0,1,0,1,6231.0,4008.0,0.5,46-60,No,0.1239591278861689,Low
38,No,0,573,Research & Development,6,3,3,2,Female,79,1,2,6,4,0,5329,15717,7,1,12,3,4,3,17,3,3,13,11,1,9,13,2887.5,2441.5,6.5,36-45,No,0.08750147400536876,Low
34,No,2,1153,Research & Development,1,2,3,1,Male,94,3,2,4,2,1,4325,17736,1,0,15,3,3,0,5,2,3,5,2,1,3,5,6447.0,-2122.0,2.5,26-35,No,0.031199671706467726,Low
56,No,2,1400,Research & Development,7,3,1,4,Male,49,1,3,4,4,2,7260,21698,4,0,11,3,1,0,37,3,2,6,4,0,2,6,6447.0,813.0,6.0,46-60,No,0.06487064717340822,Low
23,No,2,541,Sales,2,1,5,3,Male,62,3,1,8,1,0,2322,9518,3,0,13,3,3,1,3,3,3,0,0,0,0,0,2579.0,-257.0,0.0,18-25,No,0.1529424562997785,Low
51,No,2,432,Research & Development,9,4,1,4,Male,96,3,1,2,4,1,2075,18725,3,0,23,4,2,2,10,4,3,4,2,0,3,4,2886.0,-811.0,4.0,46-60,No,0.07681007700868989,Low
30,No,2,288,Research & Development,2,3,1,3,Male,99,2,2,0,4,1,4152,15830,1,0,19,3,1,3,11,3,3,11,10,10,8,11,6811.0,-2659.0,1.0,26-35,No,0.06869962179008587,Low
46,Yes,2,669,Sales,9,2,3,3,Male,64,2,3,7,4,2,9619,13596,1,0,16,3,4,0,9,3,3,9,8,4,7,9,6231.0,3388.0,1.8,46-60,No,0.3967379154419586,Low
40,No,1,530,Research & Development,1,4,1,3,Male,78,2,4,0,2,1,13503,14115,1,0,22,4,4,1,22,3,2,22,3,11,11,22,6811.0,6692.0,1.8333333333333333,36-45,No,0.02711551799814347,Low
51,No,2,632,Sales,21,4,2,3,Male,71,3,2,7,4,2,5441,8423,0,1,22,4,4,0,11,2,1,10,7,1,0,10,6231.0,-790.0,5.0,46-60,No,0.11022596440408582,Low
30,No,2,1334,Sales,4,2,3,3,Female,63,2,2,7,2,0,5209,19760,1,1,12,3,2,3,11,4,2,11,8,2,7,11,6231.0,-1022.0,3.6666666666666665,26-35,No,0.03727388089973064,Low
46,No,1,638,Research & Development,1,3,3,3,Male,40,2,3,0,1,1,10673,3142,2,1,13,3,3,1,21,5,2,10,9,9,5,10,6811.0,3862.0,1.0,46-60,No,0.05647425379377745,Low
32,No,2,1093,Sales,6,4,3,2,Male,87,3,2,7,3,2,5010,24301,1,0,16,3,1,0,12,0,3,11,8,5,7,11,6231.0,-1221.0,1.8333333333333333,26-35,No,0.042390660699994,Low
54,No,2,1217,Research & Development,2,4,5,1,Female,60,3,3,5,3,1,13549,24001,9,0,12,3,1,1,16,5,1,4,3,0,3,4,16510.0,-2961.0,4.0,46-60,No,0.042156428655323645,Low
24,No,2,1353,Sales,3,2,4,1,Female,33,3,2,7,3,1,4999,17519,0,0,21,4,1,1,4,2,2,3,2,0,2,3,6231.0,-1232.0,3.0,18-25,No,0.05037044205204491,Low
28,No,0,120,Sales,4,3,3,2,Male,43,3,2,7,3,1,4221,8863,1,0,15,3,2,0,5,3,4,5,4,0,4,5,6231.0,-2010.0,5.0,26-35,No,0.05971220428854564,Low
58,No,2,682,Sales,10,4,3,4,Male,37,3,4,7,3,2,13872,24409,0,0,13,3,3,0,38,1,2,37,10,1,8,37,6231.0,7641.0,18.5,46-60,No,0.14093868075975954,Low
44,No,0,489,Research & Development,23,3,3,2,Male,67,3,2,2,2,1,2042,25043,4,0,12,3,3,1,17,3,4,3,2,1,2,3,2886.0,-844.0,1.5,36-45,No,0.06659843543139297,Low
37,Yes,2,807,Human Resources,6,4,0,3,Male,63,3,1,1,1,0,2073,23648,4,1,22,4,4,0,7,3,3,3,2,0,2,3,3093.0,-1020.0,3.0,36-45,Yes,0.6871744264628337,High
32,No,2,827,Research & Development,1,1,1,4,Male,71,3,1,6,1,2,2956,15178,1,0,13,3,4,0,1,2,3,1,0,0,0,1,2887.5,68.5,1.0,26-35,No,0.1508862626561664,Low
20,Yes,1,871,Research & Development,6,3,1,4,Female,66,2,1,2,4,2,2926,19783,1,1,18,3,2,0,1,5,3,1,0,1,0,1,2886.0,40.0,0.5,18-25,Yes,0.8877279730034306,High
34,No,2,665,Research & Development,6,4,4,1,Female,41,3,2,6,3,2,4809,12482,1,0,14,3,3,0,16,3,3,16,13,2,10,16,2887.5,1921.5,5.333333333333333,26-35,No,0.03635922111675134,Low
37,No,0,1040,Research & Development,2,2,1,3,Male,100,2,2,0,4,0,5163,15850,5,0,14,3,4,1,17,2,4,1,0,0,0,1,6811.0,-1648.0,1.0,36-45,No,0.15980331959830057,Low
59,No,0,1420,Human Resources,2,4,0,3,Female,32,2,5,3,4,1,18844,21922,9,0,21,4,4,1,30,3,3,3,2,2,2,3,17454.5,1389.5,1.0,46-60,No,0.04848770667354102,Low
50,No,1,1115,Research & Development,1,3,1,1,Female,73,3,5,5,2,1,18172,9755,3,1,19,3,1,0,28,1,2,8,3,0,7,8,16510.0,1662.0,8.0,46-60,No,0.05384672714659345,Low
25,Yes,2,240,Sales,5,3,2,3,Male,46,2,2,7,3,2,5744,26959,1,1,11,3,4,0,6,1,3,6,4,0,3,6,6231.0,-487.0,6.0,18-25,Yes,0.5972177534015245,Low
25,No,2,1280,Research & Development,7,1,3,4,Male,64,2,1,6,4,1,2889,26897,1,0,11,3,3,2,2,2,3,2,2,2,1,2,2887.5,1.5,0.6666666666666666,18-25,No,0.062039069947017085,Low
22,No,2,534,Research & Development,15,3,3,2,Female,59,3,1,2,4,2,2871,23785,1,0,15,3,3,0,1,5,3,0,0,0,0,0,2886.0,-15.0,0.0,18-25,Yes,0.6334779318855314,High
51,No,1,1456,Research & Development,1,4,3,1,Female,30,2,3,0,1,2,7484,25796,3,0,20,4,3,0,23,1,2,13,12,12,8,13,6811.0,673.0,1.0,46-60,No,0.03965864774821312,Low
34,Yes,1,658,Research & Development,7,3,1,1,Male,66,1,2,2,3,2,6074,22887,1,1,24,4,4,0,9,3,3,9,7,0,6,9,2886.0,3188.0,9.0,26-35,Yes,0.6225085820088212,High
54,No,0,142,Human Resources,26,3,0,4,Female,30,4,4,3,4,2,17328,13871,2,1,12,3,3,0,23,3,3,5,3,4,4,5,17454.5,-126.5,1.0,46-60,No,0.05587891807883762,Low
24,No,2,1127,Research & Development,18,1,1,2,Male,52,3,1,2,3,1,2774,13257,0,0,12,3,3,1,6,2,3,5,3,1,2,5,2886.0,-112.0,2.5,18-25,No,0.03856632628779152,Low
34,No,2,1031,Research & Development,6,4,1,3,Female,45,2,2,6,2,0,4505,15000,6,0,15,3,3,1,12,3,3,1,0,0,0,1,2887.5,1617.5,1.0,26-35,No,0.10002728218997041,Low
37,No,2,1189,Sales,3,3,1,3,Male,87,3,3,7,4,2,7428,14506,2,0,12,3,1,0,12,3,3,5,3,1,3,5,6231.0,1197.0,2.5,36-45,No,0.03729834170165074,Low
34,No,2,1354,Research & Development,5,3,3,3,Female,45,2,3,3,1,2,11631,5615,2,0,12,3,4,0,14,6,3,11,10,5,8,11,17454.5,-5823.5,1.8333333333333333,26-35,No,0.039521080975068665,Low
36,No,1,1467,Sales,11,2,5,2,Female,92,3,3,7,4,1,9738,22952,0,0,14,3,3,1,10,6,3,9,7,2,8,9,6231.0,3507.0,3.0,36-45,No,0.08655254047747116,Low
36,No,2,922,Research & Development,3,2,1,1,Female,39,3,1,2,4,0,2835,2561,5,0,22,4,1,1,7,2,3,1,0,0,0,1,2886.0,-51.0,1.0,36-45,No,0.1273802675295871,Low
43,No,1,394,Sales,26,2,1,3,Male,92,3,4,3,4,1,16959,19494,1,1,12,3,4,2,25,3,4,25,12,4,12,25,17454.5,-495.5,5.0,36-45,No,0.028333816706984472,Low
30,No,1,1312,Research & Development,23,3,1,1,Male,96,1,1,6,3,0,2613,22310,1,0,25,4,3,3,10,2,2,10,7,0,9,10,2887.5,-274.5,10.0,26-35,No,0.09325976152016245,Low
33,No,0,750,Sales,22,2,2,3,Male,95,3,2,7,2,1,6146,15480,0,0,13,3,1,1,8,2,4,7,7,0,7,7,6231.0,-85.0,7.0,26-35,No,0.03798150001323843,Low
56,Yes,2,441,Research & Development,14,4,1,2,Female,72,3,1,6,2,1,4963,4510,9,1,18,3,1,3,7,2,3,5,4,4,3,5,2887.5,2075.5,1.0,46-60,No,0.20167552910070846,Low
51,No,2,684,Research & Development,6,3,1,1,Male,51,3,5,5,3,2,19537,6462,7,0,13,3,3,0,23,5,3,20,18,15,15,20,16510.0,3027.0,1.25,46-60,No,0.14874079120016,Low
31,Yes,2,249,Sales,6,4,1,2,Male,76,1,2,7,3,1,6172,20739,4,1,18,3,2,0,12,3,2,7,7,7,7,7,6231.0,-59.0,0.875,26-35,Yes,0.6559863010930911,High
26,No,2,841,Research & Development,6,3,4,3,Female,46,2,1,6,2,1,2368,23300,1,0,19,3,3,0,5,3,2,5,4,4,3,5,2887.5,-519.5,1.0,26-35,No,0.06835509737876135,Low
58,Yes,2,147,Research & Development,23,4,3,4,Female,94,3,3,0,4,1,10312,3465,1,0,12,3,4,1,40,3,2,40,10,15,6,40,6811.0,3501.0,2.5,46-60,No,0.26835968570940977,Low
19,Yes,2,528,Sales,22,1,2,4,Male,50,3,1,8,3,2,1675,26820,1,1,19,3,4,0,0,2,2,0,0,0,0,0,2579.0,-904.0,0.0,18-25,Yes,0.9282154310507451,High
22,No,2,594,Research & Development,2,1,5,3,Male,100,3,1,2,4,1,2523,19299,0,0,14,3,3,1,3,2,3,2,1,2,1,2,2886.0,-363.0,0.6666666666666666,18-25,No,0.11450751777633297,Low
49,No,2,470,Research & Development,20,4,3,3,Female,96,3,2,4,1,1,6567,5549,1,0,14,3,3,0,16,2,2,15,11,5,11,15,6447.0,120.0,2.5,46-60,No,0.02753379326195865,Low
43,No,1,957,Research & Development,28,3,3,2,Female,72,4,1,6,3,2,4739,16090,4,0,12,3,4,0,18,2,3,3,2,1,2,3,2887.5,1851.5,1.5,36-45,No,0.06952641506003605,Low
50,No,1,809,Sales,12,3,2,3,Female,77,3,3,7,4,2,9208,6645,4,0,11,3,4,0,16,3,3,2,2,2,1,2,6231.0,2977.0,0.6666666666666666,46-60,No,0.07129142861238963,Low
31,Yes,2,542,Sales,20,3,1,2,Female,71,1,2,7,3,1,4559,24788,3,1,11,3,3,1,4,2,3,2,2,2,2,2,6231.0,-1672.0,0.6666666666666666,26-35,No,0.3668799063236966,Low
41,No,2,802,Sales,9,1,1,3,Male,96,3,3,7,3,0,8189,21196,3,1,13,3,3,1,12,2,3,9,7,0,7,9,6231.0,1958.0,9.0,36-45,No,0.04189622497645484,Low
26,No,2,1355,Human Resources,25,1,1,3,Female,61,3,1,1,3,1,2942,8916,1,0,23,4,4,1,8,3,3,8,7,5,7,8,3093.0,-151.0,1.3333333333333333,26-35,No,0.033095599185681446,Low
36,No,2,216,Research & Development,6,2,3,2,Male,84,3,2,4,2,0,4941,2819,6,0,20,4,4,2,7,0,3,3,2,0,1,3,6447.0,-1506.0,3.0,36-45,No,0.08946619509731682,Low
51,Yes,1,1150,Research & Development,8,4,1,1,Male,53,1,3,4,4,2,10650,25150,2,0,15,3,4,0,18,2,3,4,2,0,3,4,6447.0,4203.0,4.0,46-60,No,0.1543903974933451,Low
39,No,2,1329,Sales,4,4,1,4,Female,47,2,2,7,3,1,5902,14590,4,0,14,3,3,1,17,1,4,15,11,5,9,15,6231.0,-329.0,2.5,36-45,No,0.03252325492362101,Low
25,No,2,959,Sales,28,3,1,1,Male,41,2,2,7,3,1,8639,24835,2,0,18,3,4,0,6,3,3,2,2,2,2,2,6231.0,2408.0,0.6666666666666666,18-25,No,0.14862943791781263,Low
30,No,2,1240,Human Resources,9,3,0,3,Male,48,3,2,1,4,1,6347,13982,0,1,19,3,4,0,12,2,1,11,9,4,7,11,3093.0,3254.0,2.2,26-35,No,0.05384284548794068,Low
32,Yes,2,1033,Research & Development,9,3,3,1,Female,41,3,1,2,1,2,4200,10224,7,0,22,4,1,0,10,2,4,5,4,0,4,5,2886.0,1314.0,5.0,26-35,Yes,0.6273612474572521,High
45,No,2,1316,Research & Development,29,3,3,3,Male,83,3,1,6,4,2,3452,9752,5,0,13,3,2,0,9,2,2,6,5,0,3,6,2887.5,564.5,6.0,36-45,No,0.09263297322436206,Low
38,No,2,364,Research & Development,3,5,5,4,Female,32,3,2,6,3,2,4317,2302,3,1,20,4,2,0,19,2,3,3,2,2,2,3,2887.5,1429.5,1.0,36-45,No,0.11945810990883331,Low
30,No,2,438,Research & Development,18,3,1,1,Female,75,3,1,6,3,2,2632,23910,1,0,14,3,3,0,5,4,2,5,4,0,4,5,2887.5,-255.5,5.0,26-35,No,0.05872086208907239,Low
32,No,1,689,Sales,9,2,3,4,Male,35,1,2,7,4,0,4668,22812,0,0,17,3,4,3,9,2,4,8,7,0,7,8,6231.0,-1563.0,8.0,26-35,No,0.057881533404680496,Low
30,No,2,201,Research & Development,5,3,5,4,Female,84,3,1,6,1,0,3204,10415,5,0,14,3,4,1,8,3,3,3,2,2,2,3,2887.5,316.5,1.0,26-35,No,0.05023262144668597,Low
30,No,2,1427,Research & Development,2,1,3,2,Male,35,2,1,2,4,2,2720,11162,0,0,13,3,4,0,6,3,3,5,3,1,2,5,2886.0,-166.0,2.5,26-35,No,0.06568511812872294,Low
41,No,1,857,Research & Development,10,3,1,4,Male,91,2,4,3,1,0,17181,12888,4,0,13,3,2,1,21,2,2,7,6,7,7,7,17454.5,-273.5,0.875,36-45,No,0.04102711259249209,Low
41,No,2,933,Research & Development,9,4,1,3,Male,94,3,1,2,1,1,2238,6961,2,0,21,4,4,1,7,2,3,5,0,1,4,5,2886.0,-648.0,2.5,36-45,No,0.07228228212286096,Low
19,No,2,1181,Research & Development,3,1,3,2,Female,79,3,1,2,2,2,1483,16102,1,0,14,3,4,0,1,3,3,1,0,0,0,1,2886.0,-1403.0,1.0,18-25,No,0.2849098443307006,Low
40,No,1,1395,Research & Development,26,3,3,2,Female,54,3,2,6,2,0,5605,8504,1,0,11,3,1,1,20,2,3,20,7,2,13,20,2887.5,2717.5,6.666666666666667,36-45,No,0.025546785717324813,Low
35,No,2,662,Sales,1,5,2,3,Male,94,3,3,7,2,1,7295,11439,1,0,13,3,1,2,10,3,3,10,8,0,6,10,6231.0,1064.0,10.0,26-35,No,0.037729540957058744,Low
53,No,2,1436,Sales,6,2,2,2,Male,34,3,2,8,3,1,2306,16047,2,1,20,4,4,1,13,3,1,7,7,4,5,7,2579.0,-273.0,1.4,46-60,No,0.1057735596629234,Low
45,No,2,194,Research & Development,9,3,1,2,Male,60,3,2,2,2,0,2348,10901,8,0,18,3,3,1,20,2,1,17,9,0,15,17,2886.0,-538.0,17.0,36-45,No,0.09551639809134775,Low
32,No,1,967,Sales,8,3,2,2,Female,43,3,3,7,4,2,8998,15589,1,0,14,3,4,0,9,2,3,9,8,3,7,9,6231.0,2767.0,2.25,26-35,No,0.04807065630575593,Low
29,No,0,1496,Research & Development,1,1,5,4,Male,41,3,2,4,3,1,4319,26283,1,0,13,3,1,1,10,1,3,10,7,0,9,10,6447.0,-2128.0,10.0,26-35,No,0.04417133252693136,Low
51,No,2,1169,Research & Development,7,4,3,2,Male,34,2,2,4,3,1,6132,13983,2,0,17,3,3,0,10,2,3,1,0,0,0,1,6447.0,-315.0,1.0,46-60,No,0.09740397925142787,Low
58,No,2,1145,Research & Development,9,3,3,2,Female,75,2,1,6,2,1,3346,11873,4,1,20,4,2,1,9,3,2,1,0,0,0,1,2887.5,458.5,1.0,46-60,No,0.07310557860627068,Low
40,No,2,630,Sales,4,4,2,3,Male,67,2,3,7,4,1,10855,8552,7,0,11,3,1,1,15,2,2,12,11,2,11,12,6231.0,4624.0,4.0,36-45,No,0.07846932854280855,Low
34,No,1,303,Sales,2,4,2,3,Female,75,3,1,8,3,1,2231,11314,6,0,18,3,4,1,6,3,3,4,3,1,2,4,2579.0,-348.0,2.0,26-35,No,0.09257818830920919,Low
22,No,2,1256,Research & Development,19,1,3,3,Male,80,3,1,6,4,1,2323,11992,1,0,24,4,1,2,2,6,3,2,2,2,2,2,2887.5,-564.5,0.6666666666666666,18-25,No,0.18901570031254247,Low
27,No,0,691,Research & Development,9,3,3,4,Male,57,3,1,6,2,0,2024,5970,6,0,18,3,4,1,6,1,1,2,2,2,2,2,2887.5,-863.5,0.6666666666666666,26-35,No,0.10399973653014814,Low
28,No,2,440,Research & Development,21,3,3,3,Male,42,3,1,6,4,1,2713,6672,1,0,11,3,3,1,5,2,1,5,2,0,2,5,2887.5,-174.5,5.0,26-35,No,0.07673478043201805,Low
57,No,2,334,Research & Development,24,2,1,3,Male,83,4,3,0,4,0,9439,23402,3,1,16,3,2,1,12,2,1,5,3,1,4,5,6811.0,2628.0,2.5,46-60,No,0.06397639738831867,Low
27,No,0,1450,Research & Development,3,3,3,3,Male,79,2,1,6,3,0,2566,25326,1,1,15,3,4,1,1,2,2,1,1,0,1,1,2887.5,-321.5,1.0,26-35,No,0.15875015108364088,Low
50,No,2,1452,Research & Development,11,3,1,3,Female,53,3,5,3,2,2,19926,17053,3,0,15,3,2,0,21,5,3,5,4,4,4,5,17454.5,2471.5,1.0,46-60,No,0.07660202215557527,Low
41,No,2,465,Research & Development,14,3,1,1,Male,56,3,1,6,3,0,2451,4609,4,0,12,3,1,1,13,2,3,9,8,1,8,9,2887.5,-436.5,4.5,36-45,No,0.0389039973858889,Low
30,No,2,1339,Sales,5,3,1,2,Female,41,3,3,7,4,1,9419,8053,2,0,12,3,3,1,12,2,3,10,9,7,4,10,6231.0,3188.0,1.25,26-35,No,0.04277005218822321,Low
38,No,2,702,Sales,1,4,1,1,Female,59,2,2,7,4,2,8686,12930,4,0,22,4,3,0,12,2,4,8,3,0,7,8,6231.0,2455.0,8.0,36-45,No,0.07225299864045788,Low
32,No,2,120,Research & Development,6,5,1,3,Male,43,3,1,6,3,2,3038,12430,3,0,20,4,1,0,8,2,3,5,4,1,4,5,2887.5,150.5,2.5,26-35,No,0.09082057954600682,Low
27,No,2,1157,Research & Development,17,3,5,3,Male,51,3,1,6,2,1,3058,13364,0,1,16,3,4,1,6,3,2,5,2,1,1,5,2887.5,170.5,2.5,26-35,No,0.09888334063769826,Low
19,Yes,1,602,Sales,1,1,5,3,Female,100,1,1,8,1,2,2325,20989,0,0,21,4,1,0,1,5,4,0,0,0,0,0,2579.0,-254.0,0.0,18-25,Yes,0.8620793650793651,High
36,No,1,1480,Research & Development,3,2,3,4,Male,30,3,1,2,2,2,2088,15062,4,0,12,3,3,0,13,3,2,8,7,7,2,8,2886.0,-798.0,1.0,36-45,No,0.08304134785396085,Low
30,No,0,111,Research & Development,9,3,3,3,Male,66,3,2,2,1,0,3072,11012,1,0,11,3,3,2,12,4,3,12,9,6,10,12,2886.0,186.0,1.7142857142857142,26-35,No,0.1352510240221595,Low
45,No,2,1268,Sales,4,2,1,3,Female,30,3,2,7,1,0,5006,6319,4,1,11,3,1,1,9,3,4,5,4,0,3,5,6231.0,-1225.0,5.0,36-45,No,0.04832551423384148,Low
56,No,2,713,Research & Development,8,3,1,3,Female,67,3,1,6,1,0,4257,13939,4,1,18,3,3,1,19,3,3,2,2,2,2,2,2887.5,1369.5,0.6666666666666666,46-60,No,0.04734745263004342,Low
33,No,2,134,Research & Development,2,3,1,3,Male,90,3,1,6,4,2,2500,10515,0,0,14,3,1,0,4,2,4,3,1,0,2,3,2887.5,-387.5,3.0,26-35,No,0.04489830837328008,Low
19,Yes,2,303,Research & Development,2,3,1,2,Male,47,2,1,2,4,2,1102,9241,1,0,22,4,3,0,1,3,2,1,0,1,0,1,2886.0,-1784.0,0.5,18-25,Yes,0.8249327050048613,High
46,No,2,526,Sales,1,2,2,2,Female,92,3,3,7,1,0,10453,2137,1,0,25,4,3,3,24,2,3,24,13,15,7,24,6231.0,4222.0,1.5,46-60,No,0.1904103265377755,Low
38,No,2,1380,Research & Development,9,2,1,3,Female,75,3,1,2,4,2,2288,6319,1,0,12,3,3,0,2,3,3,2,2,2,1,2,2886.0,-598.0,0.6666666666666666,36-45,No,0.19033108912003693,Low
31,No,2,140,Research & Development,12,1,3,3,Female,95,3,1,6,4,1,3929,6984,8,1,23,4,3,1,7,0,3,4,2,0,2,4,2887.5,1041.5,4.0,26-35,No,0.23783685863736584,Low
34,No,2,629,Research & Development,27,2,3,4,Female,95,3,1,6,2,2,2311,5711,2,0,15,3,4,0,9,3,3,3,2,1,2,3,2887.5,-576.5,1.5,26-35,No,0.05838610990012111,Low
41,Yes,2,1356,Sales,20,2,2,2,Female,70,3,1,8,2,2,3140,21728,1,1,22,4,4,0,4,5,2,4,3,0,2,4,2579.0,561.0,4.0,36-45,No,0.37953576475999606,Low
50,No,2,328,Research & Development,1,3,3,3,Male,86,2,1,2,3,1,3690,3425,2,0,15,3,4,1,5,2,2,3,2,0,2,3,2886.0,804.0,3.0,46-60,No,0.030712907172885016,Low
53,No,2,1084,Research & Development,13,2,3,4,Female,57,4,2,4,1,0,4450,26250,1,0,11,3,3,2,5,3,3,4,2,1,3,4,6447.0,-1997.0,2.0,46-60,No,0.0374166121422957,Low
33,No,2,931,Research & Development,14,3,3,4,Female,72,3,1,6,2,1,2756,4673,1,0,13,3,4,1,8,5,3,8,7,1,6,8,2887.5,-131.5,4.0,26-35,No,0.020183774358788806,Low
40,No,2,989,Research & Development,4,1,3,4,Female,46,3,5,3,3,1,19033,6499,1,0,14,3,2,1,21,2,3,20,8,9,9,20,17454.5,1578.5,2.0,36-45,No,0.010089053159141685,Low
55,No,2,692,Research & Development,14,4,3,3,Male,61,4,5,5,2,2,18722,13339,8,0,11,3,4,0,36,3,3,24,15,2,15,24,16510.0,2212.0,8.0,46-60,No,0.0627871500980409,Low
34,No,1,1069,Research & Development,2,1,1,4,Male,45,2,2,4,3,1,9547,14074,1,0,17,3,3,0,10,2,2,10,9,1,9,10,6447.0,3100.0,5.0,26-35,No,0.017599641503025478,Low
51,No,2,313,Research & Development,3,3,3,4,Female,98,3,4,0,2,2,13734,7192,3,0,18,3,3,0,21,6,3,7,7,1,0,7,6811.0,6923.0,3.5,46-60,No,0.0731505951011449,Low
52,No,2,699,Research & Development,1,4,1,3,Male,65,2,5,3,3,1,19999,5678,0,0,14,3,1,1,34,5,3,33,18,11,9,33,17454.5,2544.5,2.75,46-60,No,0.1933477295295114,Low
27,No,2,894,Research & Development,9,3,3,4,Female,99,3,1,6,2,2,2279,11781,1,0,16,3,4,0,7,2,2,7,7,0,3,7,2887.5,-608.5,7.0,26-35,No,0.10318468449790515,Low
35,Yes,2,556,Research & Development,23,2,1,2,Male,50,2,2,4,3,1,5916,15497,3,1,13,3,1,0,8,1,3,1,0,0,1,1,6447.0,-531.0,1.0,26-35,Yes,0.6746978041872156,High
43,No,0,1344,Research & Development,7,3,3,4,Male,37,4,1,6,4,0,2089,5228,4,0,14,3,4,3,7,3,4,5,4,2,2,5,2887.5,-798.5,1.6666666666666667,36-45,No,0.046585466451076765,Low
45,No,0,1195,Research & Development,2,2,3,1,Male,65,2,4,3,4,1,16792,20462,9,0,23,4,4,1,22,1,3,20,8,11,8,20,17454.5,-662.5,1.6666666666666667,36-45,No,0.052710819996314155,Low
37,No,2,290,Research & Development,21,3,1,2,Male,65,4,1,6,1,1,3564,22977,1,1,12,3,1,1,8,3,2,8,7,1,7,8,2887.5,676.5,4.0,36-45,No,0.08120331200143106,Low
35,No,1,138,Research & Development,2,3,3,2,Female,37,3,2,2,2,2,4425,15986,5,0,11,3,4,0,10,5,3,6,2,1,2,6,2886.0,1539.0,3.0,26-35,No,0.12944712539825823,Low
42,No,0,926,Research & Development,21,2,3,3,Female,36,3,2,4,3,0,5265,16439,2,0,16,3,2,1,11,5,3,5,3,0,2,5,6447.0,-1182.0,5.0,36-45,No,0.011284688225679717,Low
38,No,2,1261,Research & Development,2,4,1,4,Male,88,3,2,4,3,1,6553,7259,9,0,14,3,2,0,14,3,3,1,0,0,0,1,6447.0,106.0,1.0,36-45,No,0.06671969694728601,Low
38,No,2,1084,Research & Development,29,3,5,4,Male,54,3,2,4,4,1,6261,4185,3,0,18,3,1,1,9,3,1,7,7,1,7,7,6447.0,-186.0,3.5,36-45,No,0.040258505290763594,Low
27,No,1,472,Research & Development,1,1,5,3,Male,60,2,2,4,1,1,4298,9679,5,0,19,3,3,1,6,1,3,2,2,2,0,2,6447.0,-2149.0,0.6666666666666666,26-35,No,0.11237242554905251,Low
49,No,0,1002,Research & Development,18,4,1,4,Male,92,3,2,4,4,0,6804,23793,1,1,15,3,1,2,7,0,3,7,7,1,7,7,6447.0,357.0,3.5,46-60,No,0.05223986413304423,Low
34,No,1,878,Research & Development,10,4,3,4,Male,43,3,1,6,3,0,3815,5972,1,1,17,3,4,1,5,4,4,5,3,2,0,5,2887.5,927.5,1.6666666666666667,26-35,No,0.08629501502430394,Low
40,No,2,905,Research & Development,19,2,3,3,Male,99,3,2,2,4,1,2741,16523,8,1,15,3,3,1,15,2,4,7,2,3,7,7,2886.0,-145.0,1.75,36-45,No,0.09705978678034499,Low
38,Yes,2,1180,Research & Development,29,1,3,2,Male,70,3,2,0,1,1,6673,11354,7,1,19,3,2,0,17,2,3,1,0,0,0,1,6811.0,-138.0,1.0,36-45,Yes,0.684103438072419,High
29,Yes,2,121,Sales,27,3,2,2,Female,35,3,3,7,4,1,7639,24525,1,0,22,4,4,3,10,3,2,10,4,1,9,10,6231.0,1408.0,5.0,26-35,Yes,0.5254435929786213,Low
22,No,2,1136,Research & Development,5,3,1,4,Male,60,4,1,6,2,0,2328,12392,1,1,16,3,1,1,4,2,2,4,2,2,2,4,2887.5,-559.5,1.3333333333333333,18-25,No,0.15479554534783196,Low
36,No,1,635,Research & Development,18,1,3,2,Female,73,3,1,2,4,2,2153,7703,1,0,13,3,1,0,8,2,3,8,1,1,7,8,2886.0,-733.0,4.0,36-45,No,0.0343587650901741,Low
40,No,0,1151,Research & Development,9,5,1,4,Male,63,2,2,0,4,1,4876,14242,9,0,14,3,4,1,5,5,1,3,2,0,2,3,6811.0,-1935.0,3.0,36-45,No,0.048330060136149426,Low
46,No,2,644,Research & Development,1,4,3,4,Male,97,3,3,0,1,0,9396,12368,7,0,16,3,3,1,17,3,3,4,2,0,3,4,6811.0,2585.0,4.0,46-60,No,0.044492064672224316,Low
32,Yes,2,1045,Sales,4,4,3,4,Male,32,1,3,7,4,1,10400,25812,1,0,11,3,3,0,14,2,2,14,8,9,8,14,6231.0,4169.0,1.4,26-35,Yes,0.6222990213793699,High
30,No,0,829,Research & Development,1,1,1,3,Male,88,2,3,4,3,2,8474,20925,1,0,22,4,3,0,12,2,3,11,8,5,8,11,6447.0,2027.0,1.8333333333333333,26-35,No,0.043221299371725364,Low
27,No,1,1242,Sales,20,3,1,4,Female,90,3,2,7,3,2,9981,12916,1,0,14,3,4,0,7,2,3,7,7,0,7,7,6231.0,3750.0,7.0,26-35,No,0.06979804605953299,Low
51,No,2,1469,Research & Development,8,4,1,2,Male,81,2,3,5,2,1,12490,15736,5,0,16,3,4,2,16,5,1,10,9,4,7,10,16510.0,-4020.0,2.0,46-60,No,0.043305610130149705,Low
30,Yes,2,1005,Research & Development,3,3,5,4,Female,88,3,1,6,1,2,2657,8556,5,1,11,3,3,0,8,5,3,5,2,0,4,5,2887.5,-230.5,5.0,26-35,Yes,0.5477072791286505,Low
41,No,2,896,Sales,6,3,1,4,Female,75,3,3,3,4,2,13591,14674,3,1,18,3,3,0,16,3,3,1,0,0,0,1,17454.5,-3863.5,1.0,36-45,No,0.04260066348810741,Low
30,Yes,1,334,Sales,26,4,2,3,Female,52,2,2,7,1,2,6696,22967,5,0,15,3,3,0,9,5,2,6,3,0,1,6,6231.0,465.0,6.0,26-35,Yes,0.5870010052789855,Low
29,Yes,2,992,Research & Development,1,3,5,3,Male,85,3,1,6,3,2,2058,19757,0,0,14,3,4,0,7,1,2,6,2,1,5,6,2887.5,-829.5,3.0,26-35,No,0.06677252057963784,Low
45,No,0,1052,Sales,6,3,3,4,Female,57,2,3,7,4,2,8865,16840,6,0,12,3,4,0,23,2,3,19,7,12,8,19,6231.0,2634.0,1.4615384615384615,36-45,No,0.06575829258573757,Low
54,No,2,1147,Sales,3,3,2,4,Female,52,3,2,7,1,1,5940,17011,2,0,14,3,4,1,16,4,3,6,2,0,5,6,6231.0,-291.0,6.0,46-60,No,0.032931301340118575,Low
36,No,2,1396,Research & Development,5,2,1,4,Male,62,3,2,2,2,2,5914,9945,8,0,16,3,4,0,16,3,4,13,11,3,7,13,2886.0,3028.0,3.25,36-45,No,0.055109760869554,Low
33,No,2,147,Research & Development,4,4,3,3,Female,47,2,1,6,2,1,2622,13248,6,0,21,4,4,0,7,3,3,3,2,1,1,3,2887.5,-265.5,1.5,26-35,No,0.1119579682573679,Low
37,No,1,663,Research & Development,11,3,4,2,Male,47,3,3,5,4,0,12185,10056,1,1,14,3,3,3,10,1,3,10,8,0,7,10,16510.0,-4325.0,10.0,36-45,No,0.05453874863773874,Low
38,No,2,119,Sales,3,3,1,1,Male,76,3,3,7,3,0,10609,9647,0,0,12,3,3,2,17,6,2,16,10,5,13,16,6231.0,4378.0,2.6666666666666665,36-45,No,0.1339383353847296,Low
31,No,0,979,Research & Development,1,4,3,3,Male,90,1,2,4,3,1,4345,4381,0,0,12,3,4,1,6,2,3,5,4,1,4,5,6447.0,-2102.0,2.5,26-35,No,0.03344933429444106,Low
59,No,2,142,Research & Development,3,3,1,3,Male,70,2,1,6,4,1,2177,8456,3,0,17,3,1,1,7,6,3,1,0,0,0,1,2887.5,-710.5,1.0,46-60,No,0.17842455188224884,Low
37,No,1,319,Sales,4,4,2,1,Male,41,3,1,8,4,0,2793,2539,4,0,17,3,3,1,13,2,3,9,8,5,8,9,2579.0,214.0,1.5,36-45,No,0.07676787626901269,Low
29,No,1,1413,Sales,1,1,3,2,Female,42,3,3,7,4,1,7918,6599,1,0,14,3,4,1,11,5,3,11,10,4,1,11,6231.0,1687.0,2.2,26-35,No,0.061087905651318386,Low
35,No,1,944,Sales,1,3,2,3,Female,92,3,3,7,3,2,8789,9096,1,0,14,3,1,0,10,3,4,10,7,0,8,10,6231.0,2558.0,10.0,26-35,No,0.03716801274046102,Low
29,Yes,2,896,Research & Development,18,1,3,3,Male,86,2,1,6,4,2,2389,14961,1,1,13,3,3,0,4,3,2,4,3,0,1,4,2887.5,-498.5,4.0,26-35,No,0.2897727592753116,Low
52,No,2,1323,Research & Development,2,3,1,3,Female,89,2,1,2,4,2,3212,3300,7,0,15,3,2,0,6,3,2,2,2,2,2,2,2886.0,326.0,0.6666666666666666,46-60,No,0.12672238155099286,Low
42,No,2,532,Research & Development,4,2,5,3,Male,58,3,5,3,4,1,19232,4933,1,0,11,3,4,0,22,3,3,22,17,11,15,22,17454.5,1777.5,1.8333333333333333,36-45,No,0.05503063263962656,Low
59,No,2,818,Human Resources,6,2,3,2,Male,52,3,1,1,3,1,2267,25657,8,0,17,3,4,0,7,2,2,2,2,2,2,2,3093.0,-826.0,0.6666666666666666,46-60,No,0.10174850435408112,Low
50,No,2,854,Sales,1,4,3,4,Female,68,3,5,3,4,0,19517,24118,3,0,11,3,3,1,32,3,2,7,0,0,6,7,17454.5,2062.5,7.0,46-60,No,0.02283775834840023,Low
33,Yes,2,813,Research & Development,14,3,3,3,Male,58,3,1,2,4,1,2436,22149,5,1,13,3,3,1,8,2,1,5,4,0,4,5,2886.0,-450.0,5.0,26-35,Yes,0.6579275250604567,High
43,No,2,1034,Sales,16,3,2,4,Female,80,3,4,3,4,1,16064,7744,5,1,22,4,3,1,22,3,3,17,13,1,9,17,17454.5,-1390.5,8.5,36-45,No,0.03244187836123422,Low
33,Yes,2,465,Research & Development,2,2,1,1,Female,39,3,1,2,1,1,2707,21509,7,0,20,4,1,0,13,3,4,9,7,1,7,9,2886.0,-179.0,4.5,26-35,Yes,0.5795636497574735,Low
52,No,0,771,Sales,2,4,1,1,Male,79,2,5,3,3,2,19068,21030,1,1,18,3,4,0,33,2,4,33,7,15,12,33,17454.5,1613.5,2.0625,46-60,No,0.08470164424482456,Low
32,No,2,1401,Sales,4,2,1,3,Female,56,3,1,8,2,1,3931,20990,2,0,11,3,1,1,6,5,3,4,3,1,2,4,2579.0,1352.0,2.0,26-35,No,0.07768773970101775,Low
32,Yes,2,515,Research & Development,1,3,1,4,Male,62,2,1,2,3,2,3730,9571,0,1,14,3,4,0,4,2,1,3,2,1,2,3,2886.0,844.0,1.5,26-35,No,0.2816524163976569,Low
39,No,2,1431,Research & Development,1,4,3,3,Female,96,3,1,2,3,0,2232,15417,7,0,14,3,3,3,7,1,3,3,2,1,2,3,2886.0,-654.0,1.5,36-45,No,0.1202514232722578,Low
32,No,0,976,Sales,26,4,2,3,Male,100,3,2,7,4,1,4465,12069,0,0,18,3,1,0,4,2,3,3,2,2,2,3,6231.0,-1766.0,1.0,26-35,No,0.1954416492386447,Low
41,No,2,1411,Research & Development,19,2,1,3,Male,36,3,2,6,1,0,3072,19877,2,0,16,3,1,2,17,2,2,1,0,0,0,1,2887.5,184.5,1.0,36-45,No,0.19766073890025712,Low
40,No,2,1300,Research & Development,24,2,5,1,Male,62,3,2,6,4,0,3319,24447,1,0,17,3,1,2,9,3,3,9,8,4,7,9,2887.5,431.5,1.8,36-45,No,0.04555119177457552,Low
45,No,2,252,Research & Development,1,3,4,3,Male,70,4,5,3,4,1,19202,15970,0,0,11,3,3,1,25,2,3,24,0,1,7,24,17454.5,1747.5,12.0,36-45,No,0.030169110099003433,Low
31,No,1,1327,Research & Development,3,4,3,2,Male,73,3,3,5,3,0,13675,13523,9,0,12,3,1,1,9,3,3,2,2,2,2,2,16510.0,-2835.0,0.6666666666666666,26-35,No,0.11302382105054551,Low
33,No,2,832,Research & Development,5,4,1,3,Female,63,2,1,6,4,1,2911,14776,1,0,13,3,3,1,2,2,2,2,2,0,2,2,2887.5,23.5,2.0,26-35,No,0.11899282316309669,Low
34,No,2,470,Research & Development,2,4,1,4,Male,84,2,2,4,1,1,5957,23687,6,0,13,3,2,1,13,3,3,11,9,5,9,11,6447.0,-490.0,1.8333333333333333,26-35,No,0.04731074278006431,Low
37,No,2,1017,Research & Development,1,2,3,3,Female,83,2,1,6,1,1,3920,18697,2,0,14,3,1,1,17,2,2,3,1,0,2,3,2887.5,1032.5,3.0,36-45,No,0.03099703202581652,Low
45,No,1,1199,Research & Development,7,4,1,1,Male,77,4,2,4,3,1,6434,5118,4,0,17,3,4,1,9,1,3,3,2,0,2,3,6447.0,-13.0,3.0,36-45,No,0.019550624719286945,Low
37,Yes,1,504,Research & Development,10,3,3,1,Male,61,3,3,4,3,0,10048,22573,6,0,11,3,2,2,17,5,3,1,0,0,0,1,6447.0,3601.0,1.0,36-45,Yes,0.6838263701157439,High
39,No,1,505,Research & Development,2,4,5,3,Female,64,3,3,0,3,2,10938,6420,0,0,25,4,4,0,20,1,3,19,6,11,8,19,6811.0,4127.0,1.5833333333333333,36-45,No,0.04091547484055951,Low
29,No,2,665,Research & Development,15,3,1,3,Male,60,3,1,6,4,2,2340,22673,1,0,19,3,1,0,6,1,3,6,5,1,5,6,2887.5,-547.5,3.0,26-35,No,0.03578520057195979,Low
42,No,2,916,Research & Development,17,2,1,4,Female,82,4,2,6,1,2,6545,23016,3,1,13,3,3,0,10,1,3,3,2,0,2,3,2887.5,3657.5,3.0,36-45,No,0.09922161433438224,Low
29,No,2,1247,Sales,20,2,2,4,Male,45,3,2,7,4,0,6931,10732,2,0,14,3,4,1,10,2,3,3,2,0,2,3,6231.0,700.0,3.0,26-35,No,0.0376979390842967,Low
25,No,2,685,Research & Development,1,3,1,1,Female,62,3,2,4,3,1,4898,7505,0,0,12,3,4,2,5,3,3,4,2,1,2,4,6447.0,-1549.0,2.0,18-25,No,0.02074825065415826,Low
42,No,2,269,Research & Development,2,3,3,4,Female,56,2,1,2,1,0,2593,8007,0,1,11,3,3,1,10,4,3,9,6,7,8,9,2886.0,-293.0,1.125,36-45,No,0.07112407316779275,Low
40,No,2,1416,Research & Development,2,2,3,1,Male,49,3,5,5,3,0,19436,5949,0,0,19,3,4,1,22,5,3,21,7,3,9,21,16510.0,2926.0,5.25,36-45,No,0.0382043688737875,Low
51,No,2,833,Research & Development,1,3,1,3,Male,96,3,1,6,4,1,2723,23231,1,0,11,3,2,0,1,0,2,1,0,0,0,1,2887.5,-164.5,1.0,46-60,No,0.08093209994368766,Low
31,Yes,1,307,Research & Development,29,2,3,3,Male,71,2,1,2,2,2,3479,11652,0,0,11,3,2,0,6,2,4,5,4,1,4,5,2886.0,593.0,2.5,26-35,Yes,0.5107441107365691,Low
32,No,1,1311,Research & Development,7,3,1,2,Male,100,4,1,2,2,1,2794,26062,1,0,20,4,3,0,5,3,1,5,1,0,3,5,2886.0,-92.0,5.0,26-35,No,0.12660414089394892,Low
38,No,0,1327,Sales,2,2,1,4,Male,39,2,2,7,4,1,5249,19682,3,0,18,3,4,1,13,0,3,8,7,7,5,8,6231.0,-982.0,1.0,36-45,No,0.05414245989135994,Low
32,No,2,128,Research & Development,2,1,5,4,Male,84,2,2,2,1,2,2176,19737,4,0,13,3,4,0,9,5,3,6,2,0,4,6,2886.0,-710.0,6.0,26-35,No,0.07383839749207304,Low
46,No,2,488,Sales,2,3,5,3,Female,75,1,4,3,2,1,16872,14977,3,1,12,3,2,1,28,2,2,7,7,7,7,7,17454.5,-582.5,0.875,46-60,No,0.05853572196859131,Low
28,Yes,2,529,Research & Development,2,4,1,1,Male,79,3,1,2,3,2,3485,14935,2,0,11,3,3,0,5,5,1,0,0,0,0,0,2886.0,599.0,0.0,26-35,Yes,0.7229451525782542,High
29,No,2,1210,Sales,2,3,3,1,Male,78,2,2,7,2,1,6644,3687,2,0,19,3,2,2,10,2,3,0,0,0,0,0,6231.0,413.0,0.0,26-35,No,0.13682995799906675,Low
31,No,2,1463,Research & Development,23,3,3,2,Male,64,2,2,0,4,1,5582,14408,0,0,21,4,2,1,10,2,3,9,0,7,8,9,6811.0,-1229.0,1.125,26-35,No,0.029699939009604173,Low
25,No,0,675,Research & Development,5,2,1,2,Male,85,4,2,0,1,0,4000,18384,1,0,12,3,4,2,6,2,3,6,3,1,5,6,6811.0,-2811.0,3.0,18-25,No,0.030025103122071014,Low
45,No,2,1385,Research & Development,20,2,3,3,Male,79,3,4,0,4,1,13496,7501,0,1,14,3,2,0,21,2,3,20,7,4,10,20,6811.0,6685.0,4.0,36-45,No,0.04727883630678515,Low
36,No,2,1403,Research & Development,6,3,1,4,Male,47,3,1,2,4,1,3210,20251,0,0,11,3,3,1,16,4,3,15,13,10,11,15,2886.0,324.0,1.3636363636363635,36-45,No,0.11034867010209783,Low
55,No,2,452,Research & Development,1,3,3,4,Male,81,3,5,3,1,2,19045,18938,0,1,14,3,3,0,37,2,3,36,10,4,13,36,17454.5,1590.5,7.2,46-60,No,0.07822773173438222,Low
47,Yes,0,666,Research & Development,29,4,1,1,Male,88,3,3,3,2,1,11849,10268,1,1,12,3,4,1,10,2,2,10,7,9,9,10,17454.5,-5605.5,1.0,46-60,Yes,0.59412499081089,Low
28,No,2,1158,Research & Development,9,3,3,4,Male,94,3,1,6,4,1,2070,2613,1,0,23,4,4,1,5,3,2,5,2,0,4,5,2887.5,-817.5,5.0,26-35,No,0.059709991813353534,Low
37,No,2,228,Sales,6,4,3,3,Male,98,3,2,7,4,1,6502,22825,4,0,14,3,2,1,7,5,4,5,4,0,1,5,6231.0,271.0,5.0,36-45,No,0.028344470411362118,Low
21,No,2,996,Research & Development,3,2,3,4,Male,100,2,1,6,3,2,3230,10531,1,0,17,3,1,0,3,4,4,3,2,1,0,3,2887.5,342.5,1.5,18-25,No,0.20921769600756734,Low
37,No,0,728,Research & Development,1,4,3,1,Female,80,3,3,5,4,0,13603,11677,2,1,18,3,1,2,15,2,3,5,2,0,2,5,16510.0,-2907.0,5.0,36-45,No,0.02476228328638311,Low
35,No,2,1315,Research & Development,22,3,1,2,Female,71,4,3,3,2,0,11996,19100,7,0,18,3,2,1,10,6,2,7,7,6,2,7,17454.5,-5458.5,1.0,26-35,No,0.022747769601449627,Low
38,No,2,322,Sales,7,2,3,1,Female,44,4,2,7,1,0,5605,19191,1,1,24,4,3,1,8,3,3,8,0,7,7,8,6231.0,-626.0,1.0,36-45,No,0.07486350355725355,Low
26,No,1,1479,Research & Development,1,3,1,3,Female,84,3,2,4,2,0,6397,26767,1,0,20,4,1,1,6,6,1,6,5,1,4,6,6447.0,-50.0,3.0,26-35,No,0.06820733201897246,Low
50,No,2,797,Research & Development,4,1,1,1,Male,96,3,5,5,2,0,19144,15815,3,0,14,3,1,2,28,4,2,10,4,1,6,10,16510.0,2634.0,5.0,46-60,No,0.024461273725118627,Low
53,No,2,1070,Research & Development,3,4,3,3,Male,45,3,4,5,3,1,17584,21016,3,1,16,3,4,3,21,5,2,5,3,1,3,5,16510.0,1074.0,2.5,46-60,No,0.02179845023889481,Low
42,No,2,635,Sales,1,1,1,2,Male,99,3,2,7,3,1,4907,24532,1,0,25,4,3,0,20,3,3,20,16,11,6,20,6231.0,-1324.0,1.6666666666666667,36-45,No,0.056159249131629126,Low
29,No,1,442,Sales,2,2,1,2,Male,44,3,2,7,4,2,4554,20260,1,0,18,3,1,0,10,3,2,10,7,0,9,10,6231.0,-1677.0,10.0,26-35,No,0.040483709249441835,Low
55,No,2,147,Research & Development,20,2,5,2,Male,37,3,2,2,4,1,5415,15972,3,1,19,3,4,1,12,4,3,10,7,0,8,10,2886.0,2529.0,10.0,46-60,No,0.08854545335930993,Low
26,No,1,496,Research & Development,11,2,3,1,Male,60,3,2,0,1,1,4741,22722,1,1,13,3,3,1,5,3,3,5,3,3,3,5,6811.0,-2070.0,1.25,26-35,No,0.06880055105058215,Low
37,No,2,1372,Research & Development,1,3,1,4,Female,42,3,1,6,4,2,2115,15881,1,0,12,3,2,0,17,3,3,17,12,5,7,17,2887.5,-772.5,2.8333333333333335,36-45,No,0.10567191237725439,Low
44,Yes,1,920,Research & Development,24,3,1,4,Male,43,3,1,2,3,0,3161,19920,3,1,22,4,4,1,19,0,1,1,0,0,0,1,2886.0,275.0,1.0,36-45,Yes,0.6920299533795305,High
38,No,2,688,Research & Development,23,4,1,4,Male,82,3,2,0,4,0,5745,18899,9,0,14,3,2,1,10,2,3,2,2,1,2,2,6811.0,-1066.0,1.0,36-45,No,0.030890754439741402,Low
26,Yes,2,1449,Research & Development,16,4,3,1,Male,45,3,1,2,2,0,2373,14180,2,1,13,3,4,1,5,2,3,3,2,0,2,3,2886.0,-513.0,3.0,26-35,Yes,0.6141927198651915,High
28,No,2,1117,Research & Development,8,2,1,4,Female,66,3,1,6,4,2,3310,4488,1,0,21,4,4,0,5,3,3,5,3,0,2,5,2887.5,422.5,5.0,26-35,No,0.03359365090523671,Low
49,No,1,636,Research & Development,10,4,1,3,Female,35,3,5,5,1,2,18665,25594,9,1,11,3,4,0,22,4,3,3,2,1,2,3,16510.0,2155.0,1.5,46-60,No,0.09543339070057985,Low
36,No,2,506,Research & Development,3,3,5,3,Male,30,3,2,6,2,2,4485,26285,4,0,12,3,4,0,10,2,3,8,0,7,7,8,2887.5,1597.5,1.0,36-45,No,0.09466097703315246,Low
31,No,1,444,Sales,5,3,2,4,Female,84,3,1,8,2,0,2789,3909,1,0,11,3,3,1,2,5,2,2,2,2,2,2,2579.0,210.0,0.6666666666666666,26-35,No,0.2916557436479408,Low
26,Yes,2,950,Sales,4,4,2,4,Male,48,2,2,7,4,2,5828,8450,1,1,12,3,2,0,8,0,3,8,7,7,4,8,6231.0,-403.0,1.0,26-35,No,0.3228315676346685,Low
37,No,1,889,Research & Development,9,3,3,2,Male,53,3,1,6,4,1,2326,11411,1,1,12,3,3,3,4,3,2,4,2,1,2,4,2887.5,-561.5,2.0,36-45,No,0.12784494245287237,Low
42,No,1,555,Sales,26,3,2,3,Female,77,3,4,7,2,1,13525,14864,5,0,14,3,4,1,23,2,4,20,4,4,8,20,6231.0,7294.0,4.0,36-45,No,0.06479595651857065,Low
18,Yes,2,230,Research & Development,3,3,1,3,Male,54,3,1,2,3,2,1420,25233,1,0,13,3,3,0,0,2,3,0,0,0,0,0,2886.0,-1466.0,0.0,,Yes,0.8510181750903312,High
35,No,2,1232,Sales,16,3,2,3,Male,96,3,3,7,2,1,8020,5100,0,0,15,3,3,2,12,3,2,11,9,6,9,11,6231.0,1789.0,1.5714285714285714,26-35,No,0.05755948086289755,Low
36,No,1,566,Research & Development,18,4,1,3,Male,81,4,1,2,4,1,3688,7122,4,0,18,3,4,2,4,2,3,1,0,0,0,1,2886.0,802.0,1.0,36-45,No,0.047617771453309234,Low
51,No,2,1302,Research & Development,2,3,3,4,Male,84,1,2,4,2,0,5482,16321,5,0,18,3,4,1,13,3,3,4,1,1,2,4,6447.0,-965.0,2.0,46-60,No,0.03657669706720665,Low
41,No,2,334,Sales,2,4,1,4,Male,88,3,4,3,2,2,16015,15896,1,0,19,3,2,0,22,2,3,22,10,0,4,22,17454.5,-1439.5,22.0,36-45,No,0.04670462881048378,Low
18,No,2,812,Sales,10,3,3,4,Female,69,2,1,8,3,2,1200,9724,1,0,12,3,1,0,0,2,3,0,0,0,0,0,2579.0,-1379.0,0.0,,Yes,0.7946551453260015,High
28,No,2,1476,Research & Development,16,2,3,2,Male,68,4,2,0,1,2,5661,4824,0,0,19,3,3,0,9,2,3,8,3,0,7,8,6811.0,-1150.0,8.0,26-35,No,0.05844920734567949,Low
31,No,2,218,Sales,7,3,5,2,Male,100,4,2,7,4,1,6929,12241,4,0,11,3,2,1,10,3,2,8,7,7,7,8,6231.0,698.0,1.0,26-35,No,0.08794783267432543,Low
39,No,2,1132,Research & Development,1,3,3,3,Male,48,4,3,0,4,0,9613,10942,0,0,17,3,1,3,19,5,2,18,10,3,7,18,6811.0,2802.0,4.5,36-45,No,0.02460283075419817,Low
36,No,0,1105,Research & Development,24,4,1,2,Female,47,3,2,2,2,1,5674,6927,7,0,15,3,3,1,11,3,3,9,8,0,8,9,2886.0,2788.0,9.0,36-45,No,0.06617766936218629,Low
32,No,2,906,Sales,7,3,1,4,Male,91,2,2,7,3,1,5484,16985,1,0,14,3,3,1,13,3,2,13,8,4,8,13,6231.0,-747.0,2.6,26-35,No,0.010738702116241707,Low
38,No,2,849,Research & Development,25,2,1,1,Female,81,2,3,5,2,1,12061,26707,3,0,17,3,3,1,19,2,3,10,8,0,1,10,16510.0,-4449.0,10.0,36-45,No,0.025624152849294476,Low
58,No,0,390,Research & Development,1,4,1,4,Male,32,1,2,0,3,0,5660,17056,2,1,13,3,4,1,12,2,3,5,3,1,2,5,6811.0,-1151.0,2.5,46-60,No,0.042184736283897205,Low
31,No,2,691,Research & Development,5,4,5,3,Male,86,3,1,6,4,1,4821,10077,0,1,12,3,3,1,6,4,3,5,2,0,3,5,2887.5,1933.5,5.0,26-35,No,0.05555235787690624,Low
31,No,2,106,Human Resources,2,3,0,1,Male,62,2,2,1,1,1,6410,17822,3,0,12,3,4,0,9,1,3,2,2,1,0,2,3093.0,3317.0,1.0,26-35,No,0.4052142563182597,Low
45,No,1,1249,Research & Development,7,3,1,1,Male,97,3,3,2,1,0,5210,20308,1,0,18,3,1,1,24,2,3,24,9,9,11,24,2886.0,2324.0,2.4,36-45,No,0.06858586632015598,Low
31,No,2,192,Research & Development,2,4,1,3,Male,32,3,1,6,4,0,2695,7747,0,1,18,3,2,1,3,2,1,2,2,2,2,2,2887.5,-192.5,0.6666666666666666,26-35,No,0.12390232313067703,Low
33,No,1,553,Research & Development,5,4,1,4,Female,74,3,3,3,2,1,11878,23364,6,0,11,3,2,2,12,2,3,10,6,8,8,10,17454.5,-5576.5,1.1111111111111112,26-35,No,0.05641791513883394,Low
39,No,2,117,Research & Development,10,1,3,3,Male,99,3,4,3,1,1,17068,5355,1,1,14,3,4,0,21,3,3,21,9,11,10,21,17454.5,-386.5,1.75,36-45,No,0.05742996394251888,Low
43,No,1,185,Research & Development,10,4,1,3,Female,33,3,1,2,4,2,2455,10675,0,0,19,3,1,0,9,5,3,8,7,1,7,8,2886.0,-431.0,4.0,36-45,No,0.04346197321556172,Low
49,No,2,1091,Research & Development,1,2,5,3,Female,90,2,4,0,3,2,13964,17810,7,1,12,3,4,0,25,2,3,7,1,0,7,7,6811.0,7153.0,7.0,46-60,No,0.07550043056582925,Low
52,Yes,2,723,Research & Development,8,4,3,3,Male,85,2,2,6,2,1,4941,17747,2,0,15,3,1,0,11,3,2,8,2,7,7,8,2887.5,2053.5,1.0,46-60,No,0.3846262835094739,Low
27,No,2,1220,Research & Development,5,3,1,3,Female,85,3,1,6,2,2,2478,20938,1,1,12,3,2,0,4,2,2,4,3,1,2,4,2887.5,-409.5,2.0,26-35,No,0.2658228455918862,Low
32,No,2,588,Sales,8,2,5,3,Female,65,2,2,7,2,1,5228,24624,1,1,11,3,4,0,13,2,3,13,12,11,9,13,6231.0,-1003.0,1.0833333333333333,26-35,No,0.11686504878789725,Low
27,No,2,1377,Sales,2,3,1,4,Male,74,3,2,7,3,2,4478,5242,1,1,11,3,1,0,5,3,3,5,4,0,4,5,6231.0,-1753.0,5.0,26-35,No,0.10025409609711293,Low
31,No,2,691,Sales,7,3,2,4,Male,73,3,2,7,4,0,7547,7143,4,0,12,3,4,3,13,3,3,7,7,1,7,7,6231.0,1316.0,3.5,26-35,No,0.030507722520666924,Low
32,No,2,1018,Research & Development,2,4,3,1,Female,74,4,2,6,4,2,5055,10557,7,0,16,3,3,0,10,0,2,7,7,0,7,7,2887.5,2167.5,7.0,26-35,No,0.09098369072183256,Low
28,Yes,2,1157,Research & Development,2,4,3,1,Male,84,1,1,6,4,1,3464,24737,5,1,13,3,4,0,5,4,2,3,2,2,2,3,2887.5,576.5,1.0,26-35,Yes,0.7593114122419599,High
30,No,2,1275,Research & Development,28,2,3,4,Female,64,3,2,6,4,1,5775,11934,1,0,13,3,4,2,11,2,3,10,8,1,9,10,2887.5,2887.5,5.0,26-35,No,0.028042932855868924,Low
31,No,1,798,Research & Development,7,2,1,3,Female,48,2,3,4,3,1,8943,14034,1,0,24,4,1,1,10,2,3,10,9,8,9,10,6447.0,2496.0,1.1111111111111112,26-35,No,0.04594015354633944,Low
39,No,1,672,Research & Development,7,2,3,3,Male,54,2,5,3,4,1,19272,21141,1,0,15,3,1,1,21,2,3,21,9,13,3,21,17454.5,1817.5,1.5,36-45,No,0.034012718481686605,Low
39,Yes,2,1162,Sales,3,2,3,4,Female,41,3,2,7,3,1,5238,17778,4,1,18,3,1,0,12,3,2,1,0,0,0,1,6231.0,-993.0,1.0,36-45,Yes,0.5690101069975277,Low
33,No,1,508,Sales,10,3,2,2,Male,46,2,2,7,4,2,4682,4317,3,0,14,3,3,0,9,6,2,7,7,0,1,7,6231.0,-1549.0,7.0,26-35,No,0.04578321417647478,Low
47,No,2,1482,Research & Development,5,5,1,4,Male,42,3,5,5,3,1,18300,16375,4,0,11,3,2,1,21,2,3,3,2,1,1,3,16510.0,1790.0,1.5,46-60,No,0.034682034234501766,Low
43,No,1,559,Research & Development,10,4,1,3,Female,82,2,2,2,3,0,5257,6227,1,0,11,3,2,1,9,3,4,9,7,0,0,9,2886.0,2371.0,9.0,36-45,No,0.10882056913182638,Low
27,No,0,210,Sales,1,1,2,3,Male,73,3,2,7,2,1,6349,22107,0,1,13,3,4,1,6,0,3,5,4,1,4,5,6231.0,118.0,2.5,26-35,No,0.06756618591603024,Low
54,No,1,928,Research & Development,20,4,1,4,Female,31,3,2,6,3,2,4869,16885,3,0,12,3,4,0,20,4,2,4,3,0,3,4,2887.5,1981.5,4.0,46-60,No,0.05183669393027835,Low
43,No,2,1001,Research & Development,7,3,1,3,Female,43,3,3,0,1,1,9985,9262,8,0,16,3,1,1,10,1,2,1,0,0,0,1,6811.0,3174.0,1.0,36-45,No,0.06168383008659325,Low
45,No,2,549,Research & Development,8,4,4,4,Male,75,3,2,6,4,1,3697,9278,9,0,14,3,1,2,12,3,3,10,9,9,8,10,2887.5,809.5,1.0,36-45,No,0.07777178115057973,Low
40,No,2,1124,Sales,1,2,3,2,Male,57,1,2,7,4,1,7457,13273,2,1,22,4,3,3,6,2,2,4,3,0,2,4,6231.0,1226.0,4.0,36-45,No,0.09188809579204489,Low
29,Yes,2,318,Research & Development,8,4,4,2,Male,77,1,1,2,1,1,2119,4759,1,1,11,3,4,0,7,4,2,7,7,0,7,7,2886.0,-767.0,7.0,26-35,Yes,0.6958899275252043,High
29,No,2,738,Research & Development,9,5,4,2,Male,30,2,1,2,4,2,3983,7621,0,0,17,3,3,0,4,2,3,3,2,2,2,3,2886.0,1097.0,1.0,26-35,No,0.08659176853856856,Low
30,No,2,570,Sales,5,3,2,4,Female,30,2,2,7,3,0,6118,5431,1,0,13,3,3,3,10,2,3,10,9,1,2,10,6231.0,-113.0,5.0,26-35,No,0.026609227295151666,Low
27,No,2,1130,Sales,8,4,2,2,Female,56,3,2,7,2,1,6214,3415,1,0,18,3,1,1,8,3,3,8,7,0,7,8,6231.0,-17.0,8.0,26-35,No,0.030807918083608866,Low
37,No,2,1192,Research & Development,5,2,3,4,Male,61,3,2,4,4,0,6347,23177,7,0,16,3,3,2,8,2,2,6,2,0,4,6,6447.0,-100.0,6.0,36-45,No,0.03755308832002859,Low
38,No,2,343,Research & Development,15,2,1,3,Male,92,2,3,5,4,0,11510,15682,0,1,14,3,2,1,12,3,3,11,10,2,9,11,16510.0,-5000.0,3.6666666666666665,36-45,No,0.019725587653462127,Low
31,No,2,1232,Research & Development,7,4,3,3,Female,39,3,3,4,4,2,7143,25713,1,1,14,3,3,0,11,2,2,11,9,4,10,11,6447.0,696.0,2.2,26-35,No,0.05033473804395385,Low
29,No,2,144,Sales,10,1,2,4,Female,39,2,2,7,2,0,8268,11866,1,1,14,3,1,2,7,2,3,7,7,1,7,7,6231.0,2037.0,3.5,26-35,No,0.07716747995706295,Low
35,No,2,1296,Research & Development,5,4,5,3,Male,62,3,3,4,2,2,8095,18264,0,0,13,3,4,0,17,5,3,16,6,0,13,16,6447.0,1648.0,16.0,26-35,No,0.017136711610281033,Low
23,No,2,1309,Research & Development,26,1,1,3,Male,83,3,1,6,4,0,2904,16092,1,0,12,3,3,2,4,2,2,4,2,0,2,4,2887.5,16.5,4.0,18-25,No,0.08475395377258144,Low
41,No,2,483,Research & Development,6,3,3,4,Male,95,2,2,4,2,2,6032,10110,6,1,15,3,4,0,8,3,3,5,4,1,2,5,6447.0,-415.0,2.5,36-45,No,0.06887001822740642,Low
47,No,1,1309,Sales,4,1,3,2,Male,99,3,2,8,3,2,2976,25751,3,0,19,3,1,0,5,3,3,0,0,0,0,0,2579.0,397.0,0.0,46-60,No,0.29816659371307114,Low
42,No,2,810,Research & Development,23,5,1,1,Female,44,3,4,5,4,2,15992,15901,2,0,14,3,2,0,16,2,3,1,0,0,0,1,16510.0,-518.0,1.0,36-45,No,0.04276888099328549,Low
29,No,0,746,Sales,2,3,1,4,Male,61,3,2,7,3,1,4649,16928,1,0,14,3,1,1,4,3,2,4,3,0,2,4,6231.0,-1582.0,4.0,26-35,No,0.024734234579665393,Low
42,No,2,544,Human Resources,2,1,5,3,Male,52,3,1,1,3,0,2696,24017,0,1,11,3,3,1,4,5,3,3,2,1,0,3,3093.0,-397.0,1.5,36-45,No,0.11079301671391709,Low
32,No,2,1062,Research & Development,2,3,3,3,Female,75,3,1,2,2,1,2370,3956,1,0,13,3,3,1,8,4,3,8,0,0,7,8,2886.0,-516.0,8.0,26-35,No,0.06242564509645314,Low
48,No,2,530,Sales,29,1,3,1,Female,91,3,3,3,3,1,12504,23978,3,0,21,4,2,1,15,3,1,0,0,0,0,0,17454.5,-4950.5,0.0,46-60,No,0.06922878680889635,Low
37,No,2,1319,Research & Development,6,3,3,3,Male,51,4,2,6,1,0,5974,17001,4,1,13,3,1,2,13,2,3,7,7,6,7,7,2887.5,3086.5,1.0,36-45,No,0.05445587816443394,Low
30,No,0,641,Sales,25,2,5,4,Female,85,3,2,7,3,1,4736,6069,7,1,12,3,2,1,4,2,4,2,2,2,2,2,6231.0,-1495.0,0.6666666666666666,26-35,No,0.18293899179702014,Low
26,No,2,933,Sales,1,3,1,3,Male,57,3,2,7,3,1,5296,20156,1,0,17,3,2,1,8,3,3,8,7,7,7,8,6231.0,-935.0,1.0,26-35,No,0.03921519658539475,Low
42,No,2,1332,Research & Development,2,4,4,1,Male,98,2,2,0,4,2,6781,17078,3,0,23,4,2,0,14,6,3,1,0,0,0,1,6811.0,-30.0,1.0,36-45,No,0.0637071376747341,Low
21,Yes,1,756,Sales,1,1,5,1,Female,99,2,1,8,2,2,2174,9150,1,1,11,3,3,0,3,3,3,3,2,1,2,3,2579.0,-405.0,1.5,18-25,Yes,0.5113028461014415,Low
36,No,0,845,Sales,1,5,3,4,Female,45,3,2,7,4,2,6653,15276,4,0,15,3,2,0,7,6,3,1,0,0,0,1,6231.0,422.0,1.0,36-45,No,0.056744254031904015,Low
36,No,1,541,Sales,3,4,3,1,Male,48,2,3,7,4,1,9699,7246,4,0,11,3,1,1,16,2,3,13,9,1,12,13,6231.0,3468.0,6.5,36-45,No,0.0765248801882865,Low
57,No,2,593,Research & Development,1,4,3,4,Male,88,3,2,0,3,1,6755,2967,2,0,11,3,3,0,15,2,3,3,2,1,2,3,6811.0,-56.0,1.5,46-60,No,0.04070498364917834,Low
40,No,2,1171,Research & Development,10,4,1,4,Female,46,4,1,2,3,1,2213,22495,3,1,13,3,3,1,10,3,3,7,7,1,7,7,2886.0,-673.0,3.5,36-45,No,0.12491710689548671,Low
21,No,0,895,Sales,9,2,3,1,Male,39,3,1,8,4,2,2610,2851,1,0,24,4,3,0,3,3,2,3,2,2,2,3,2579.0,31.0,1.0,18-25,No,0.1466041999606861,Low
33,Yes,2,350,Sales,5,3,2,4,Female,34,3,1,8,3,2,2851,9150,1,1,13,3,2,0,1,2,3,1,0,0,0,1,2579.0,272.0,1.0,26-35,Yes,0.8170387045895492,High
37,No,2,921,Research & Development,10,3,3,3,Female,98,3,1,2,1,1,3452,17663,6,0,20,4,2,1,17,3,3,5,4,0,3,5,2886.0,566.0,5.0,36-45,No,0.06777521002770806,Low
46,No,0,1144,Research & Development,7,4,3,3,Female,30,3,2,4,3,1,5258,16044,2,0,14,3,3,0,7,2,4,1,0,0,0,1,6447.0,-1189.0,1.0,46-60,No,0.03860948821509179,Low
41,Yes,1,143,Sales,4,3,2,1,Male,56,3,2,7,2,2,9355,9558,1,0,18,3,3,0,8,5,3,8,7,7,7,8,6231.0,3124.0,1.0,36-45,Yes,0.5188187959570881,Low
50,No,2,1046,Research & Development,10,3,5,4,Male,100,2,3,0,4,2,10496,2755,6,0,15,3,4,0,20,2,3,4,3,1,3,4,6811.0,3685.0,2.0,46-60,No,0.0648863129886952,Low
40,Yes,2,575,Sales,22,2,2,3,Male,68,2,2,7,3,1,6380,6110,2,1,12,3,1,2,8,6,3,6,4,1,0,6,6231.0,149.0,3.0,36-45,No,0.4899682571804604,Low
31,No,2,408,Research & Development,9,4,1,3,Male,42,2,1,6,2,2,2657,7551,0,1,16,3,4,0,3,5,3,2,2,2,2,2,2887.5,-230.5,0.6666666666666666,26-35,No,0.17210711878356424,Low
21,Yes,2,156,Sales,12,3,1,3,Female,90,4,1,8,2,2,2716,25422,1,0,15,3,4,0,1,0,3,1,0,0,0,1,2579.0,137.0,1.0,18-25,Yes,0.7786537762919342,High
29,No,2,1283,Research & Development,23,3,1,4,Male,54,3,1,6,4,2,2201,18168,9,0,16,3,4,0,6,4,3,3,2,1,2,3,2887.5,-686.5,1.5,26-35,No,0.15116468022488225,Low
35,No,2,755,Research & Development,9,4,1,3,Male,97,2,2,0,2,2,6540,19394,9,0,19,3,3,0,10,5,3,1,1,0,0,1,6811.0,-271.0,1.0,26-35,No,0.13558269506288376,Low
27,No,2,1469,Research & Development,1,2,3,4,Male,82,3,1,2,2,0,3816,17881,1,0,11,3,2,1,5,2,3,5,2,0,4,5,2886.0,930.0,5.0,26-35,No,0.07377802229322376,Low
28,No,2,304,Sales,9,4,1,2,Male,92,3,2,7,4,2,5253,20750,1,0,16,3,4,0,7,1,3,7,5,0,7,7,6231.0,-978.0,7.0,26-35,No,0.0629582543595086,Low
49,No,2,1261,Research & Development,7,3,4,2,Male,31,2,3,0,3,2,10965,12066,8,0,24,4,3,0,26,2,3,5,2,0,0,5,6811.0,4154.0,5.0,46-60,No,0.0670961767290633,Low
51,No,2,1178,Sales,14,2,1,3,Female,87,3,2,7,4,1,4936,14862,4,0,11,3,3,1,18,2,2,7,7,0,7,7,6231.0,-1295.0,7.0,46-60,No,0.036452209654839675,Low
36,No,2,329,Research & Development,2,3,1,4,Female,96,3,1,6,3,1,2543,11868,4,0,13,3,2,1,6,3,3,2,2,2,2,2,2887.5,-344.5,0.6666666666666666,36-45,No,0.02934378537581513,Low
34,Yes,0,1362,Sales,19,3,2,1,Male,67,4,2,7,4,2,5304,4652,8,1,13,3,2,0,9,3,2,5,2,0,4,5,6231.0,-927.0,5.0,26-35,Yes,0.6113426707578643,High
55,No,2,1311,Research & Development,2,3,1,3,Female,97,3,4,3,4,2,16659,23258,2,1,13,3,3,0,30,2,3,5,4,1,2,5,17454.5,-795.5,2.5,46-60,No,0.03927816960759117,Low
24,No,2,1371,Sales,10,4,2,4,Female,77,3,2,7,3,0,4260,5915,1,1,12,3,4,1,5,2,4,5,2,0,3,5,6231.0,-1971.0,5.0,18-25,No,0.05905132822179715,Low
30,No,2,202,Sales,2,1,5,3,Male,72,3,1,8,2,1,2476,17434,1,0,18,3,1,1,1,3,3,1,0,0,0,1,2579.0,-103.0,1.0,26-35,No,0.19082146710642828,Low
26,Yes,1,575,Research & Development,3,1,5,3,Male,73,3,1,6,1,2,3102,6582,0,0,22,4,3,0,7,2,3,6,4,0,4,6,2887.5,214.5,6.0,26-35,No,0.12028606456642722,Low
22,No,2,253,Research & Development,11,3,3,1,Female,43,3,1,6,2,1,2244,24440,1,0,13,3,4,1,2,1,3,2,1,1,2,2,2887.5,-643.5,1.0,18-25,No,0.1145838425106285,Low
36,No,2,164,Sales,2,2,3,2,Male,61,2,3,7,3,1,7596,3809,1,0,13,3,2,2,10,2,3,10,9,9,0,10,6231.0,1365.0,1.0,36-45,No,0.04812983615115618,Low
30,Yes,1,464,Research & Development,4,3,5,3,Male,40,3,1,6,4,2,2285,3427,9,1,23,4,3,0,3,4,3,1,0,0,0,1,2887.5,-602.5,1.0,26-35,Yes,0.851983298660718,High
37,No,2,1107,Research & Development,14,3,1,4,Female,95,3,1,2,1,0,3034,26914,1,0,12,3,3,1,18,2,2,18,7,12,17,18,2886.0,148.0,1.3846153846153846,36-45,No,0.10257729718855556,Low
40,No,2,759,Sales,2,2,2,4,Female,46,3,2,7,2,0,5715,22553,7,0,12,3,3,2,8,5,3,5,4,1,3,5,6231.0,-516.0,2.5,36-45,No,0.02560116156421865,Low
42,No,2,201,Research & Development,1,4,1,2,Female,95,3,1,2,1,0,2576,20490,3,0,16,3,2,1,8,5,3,5,2,1,2,5,2886.0,-310.0,2.5,36-45,No,0.0364558903195663,Low
37,No,2,1305,Research & Development,10,4,1,3,Male,49,3,2,4,2,2,4197,21123,2,1,12,3,4,0,18,2,2,1,0,0,1,1,6447.0,-2250.0,1.0,36-45,No,0.09524806514342597,Low
43,No,2,982,Research & Development,12,3,1,1,Male,59,2,4,5,2,0,14336,4345,1,0,11,3,3,1,25,3,3,25,10,3,9,25,16510.0,-2174.0,6.25,36-45,No,0.021199342240913265,Low
40,No,2,555,Research & Development,2,3,3,2,Female,78,2,2,2,3,1,3448,13436,6,0,22,4,2,1,20,3,3,1,0,0,0,1,2886.0,562.0,1.0,36-45,No,0.06810851027984922,Low
54,No,2,821,Research & Development,5,2,3,1,Male,86,3,5,5,1,1,19406,8509,4,0,11,3,3,1,24,4,2,4,2,1,2,4,16510.0,2896.0,2.0,46-60,No,0.043081860573821934,Low
34,No,0,1381,Sales,4,4,2,3,Female,72,3,2,7,3,1,6538,12740,9,0,15,3,1,1,6,3,3,3,2,1,2,3,6231.0,307.0,1.5,26-35,No,0.043564651029086604,Low
31,No,2,480,Research & Development,7,2,3,2,Female,31,3,2,4,1,1,4306,4156,1,0,12,3,2,1,13,5,1,13,10,3,12,13,6447.0,-2141.0,3.25,26-35,No,0.05882677277660776,Low
43,No,1,313,Research & Development,21,3,3,4,Male,61,3,1,2,4,1,2258,15238,7,0,20,4,1,1,8,1,3,3,2,1,2,3,2886.0,-628.0,1.5,36-45,No,0.0748219251517425,Low
43,No,2,1473,Research & Development,8,4,4,3,Female,74,3,2,0,3,0,4522,2227,4,1,14,3,4,0,8,3,3,5,2,0,2,5,6811.0,-2289.0,5.0,36-45,No,0.0563468557886276,Low
25,No,2,891,Sales,4,2,1,2,Female,99,2,2,7,4,2,4487,12090,1,1,11,3,2,0,5,3,3,5,4,1,3,5,6231.0,-1744.0,2.5,18-25,No,0.2087149684489569,Low
37,No,0,1063,Research & Development,25,5,3,2,Female,72,3,2,6,3,1,4449,23866,3,1,15,3,1,2,15,2,3,13,11,10,7,13,2887.5,1561.5,1.1818181818181819,36-45,No,0.06893839746896087,Low
31,No,2,329,Research & Development,1,2,1,4,Male,98,2,1,2,1,1,2218,16193,1,0,12,3,3,1,4,3,3,4,2,3,2,4,2886.0,-668.0,1.0,26-35,No,0.05817396111383727,Low
39,No,1,1218,Research & Development,1,1,1,2,Male,52,3,5,3,3,0,19197,8213,1,1,14,3,3,1,21,3,3,21,8,1,6,21,17454.5,1742.5,10.5,36-45,No,0.03160897201249328,Low
56,No,1,906,Sales,6,3,1,3,Female,86,4,4,7,1,1,13212,18256,9,0,11,3,4,3,36,0,2,7,7,7,7,7,6231.0,6981.0,0.875,46-60,No,0.12187996765144395,Low
30,No,2,1082,Sales,12,3,5,2,Female,83,3,2,7,3,2,6577,19558,0,0,11,3,2,0,6,6,3,5,4,4,4,5,6231.0,346.0,1.0,26-35,No,0.07807680587453597,Low
41,No,2,645,Sales,1,3,2,2,Male,49,4,3,7,1,1,8392,19566,1,0,16,3,3,1,10,2,3,10,7,0,7,10,6231.0,2161.0,10.0,36-45,No,0.04107666916685271,Low
28,No,2,1300,Research & Development,17,2,3,3,Male,79,3,2,2,1,0,4558,13535,1,0,12,3,4,1,10,2,3,10,0,1,8,10,2886.0,1672.0,5.0,26-35,No,0.05879354786721173,Low
25,Yes,2,688,Research & Development,3,3,3,1,Male,91,3,1,2,1,1,4031,9396,5,0,13,3,3,1,6,5,3,2,2,0,2,2,2886.0,1145.0,2.0,18-25,No,0.49430260911706464,Low
52,No,2,319,Research & Development,3,3,3,4,Male,39,2,3,4,3,1,7969,19609,2,1,14,3,3,0,28,4,3,5,4,0,4,5,6447.0,1522.0,5.0,46-60,No,0.025526411198848596,Low
45,No,2,192,Research & Development,10,2,1,1,Male,69,3,1,6,4,1,2654,9655,3,0,21,4,4,2,8,3,2,2,2,0,2,2,2887.5,-233.5,2.0,36-45,No,0.0430569713333259,Low
52,No,2,1490,Research & Development,4,2,1,4,Female,30,3,4,3,4,1,16555,10310,2,0,13,3,4,0,31,2,1,5,2,1,4,5,17454.5,-899.5,2.5,46-60,No,0.033036432000120325,Low
42,No,1,532,Research & Development,29,2,1,1,Female,92,3,2,6,3,0,4556,12932,2,0,11,3,2,1,19,3,3,5,4,0,2,5,2887.5,1668.5,5.0,36-45,No,0.07779756048026178,Low
30,No,2,317,Research & Development,2,3,1,3,Female,43,1,2,4,4,2,6091,24793,2,0,20,4,3,0,11,2,3,5,4,0,2,5,6447.0,-356.0,5.0,26-35,No,0.04245927883360133,Low
60,No,2,422,Research & Development,7,3,1,1,Female,41,3,5,3,1,1,19566,3854,5,0,11,3,4,0,33,5,1,29,8,11,10,29,17454.5,2111.5,2.4166666666666665,46-60,No,0.10156580690706758,Low
46,No,2,1485,Research & Development,18,3,3,3,Female,87,3,2,4,3,0,4810,26314,2,0,14,3,3,1,19,5,2,10,7,0,8,10,6447.0,-1637.0,10.0,46-60,No,0.034316026452823854,Low
42,No,1,1368,Research & Development,28,4,5,4,Female,88,2,2,0,4,1,4523,4386,0,0,11,3,4,3,7,4,4,6,5,0,4,6,6811.0,-2288.0,6.0,36-45,No,0.05762836605372493,Low
24,Yes,2,1448,Sales,1,1,5,1,Female,62,3,1,8,2,2,3202,21972,1,1,16,3,2,0,6,4,3,5,3,1,4,5,2579.0,623.0,2.5,18-25,Yes,0.708631559250928,High
34,Yes,1,296,Sales,6,2,2,4,Female,33,1,1,8,3,0,2351,12253,0,0,16,3,4,1,3,3,2,2,2,1,0,2,2579.0,-228.0,1.0,26-35,Yes,0.6612079290944961,High
38,No,1,1490,Research & Development,2,2,1,4,Male,42,3,1,2,4,1,1702,12106,1,1,23,4,3,1,1,3,3,1,0,0,0,1,2886.0,-1184.0,1.0,36-45,No,0.17407188928803333,Low
40,No,2,1398,Sales,2,4,1,3,Female,79,3,5,3,3,1,18041,13022,0,0,14,3,4,0,21,2,3,20,15,1,12,20,17454.5,586.5,10.0,36-45,No,0.016557055947035177,Low
26,No,2,1349,Research & Development,23,3,1,1,Female,90,3,1,6,4,0,2886,3032,1,0,22,4,2,2,3,3,1,3,2,0,2,3,2887.5,-1.5,3.0,26-35,No,0.08210082357958519,Low
30,No,0,1400,Research & Development,3,3,1,3,Male,53,3,1,2,4,1,2097,16734,4,0,15,3,3,1,9,3,1,5,3,1,4,5,2886.0,-789.0,2.5,26-35,No,0.0601443769085351,Low
29,No,2,986,Research & Development,3,4,3,2,Male,93,2,3,5,3,1,11935,21526,1,0,18,3,3,0,10,2,3,10,2,0,7,10,16510.0,-4575.0,10.0,26-35,No,0.022333582943616783,Low
29,Yes,2,408,Research & Development,25,5,5,3,Female,71,2,1,6,2,1,2546,18300,5,0,16,3,2,0,6,2,4,2,2,1,1,2,2887.5,-341.5,1.0,26-35,Yes,0.6087873457969893,High
19,Yes,2,489,Human Resources,2,2,5,1,Male,52,2,1,1,4,2,2564,18437,1,0,12,3,3,0,1,3,4,1,0,0,0,1,3093.0,-529.0,1.0,18-25,Yes,0.7996283096154609,High
30,No,0,1398,Sales,22,4,4,3,Female,69,3,3,7,1,1,8412,2890,0,0,11,3,3,0,10,3,3,9,8,7,8,9,6231.0,2181.0,1.125,26-35,No,0.08693475288099624,Low
57,No,2,210,Sales,29,3,2,1,Male,56,2,4,3,4,0,14118,22102,3,0,12,3,3,1,32,3,2,1,0,0,0,1,17454.5,-3336.5,1.0,46-60,No,0.07828473077175138,Low
50,No,2,1099,Research & Development,29,4,1,2,Male,88,2,4,3,3,1,17046,9314,0,0,15,3,2,1,28,2,3,27,10,15,7,27,17454.5,-408.5,1.6875,46-60,No,0.023048490212035696,Low
30,No,0,1116,Research & Development,2,3,3,3,Female,49,3,1,2,4,2,2564,7181,0,0,14,3,3,0,12,2,2,11,7,6,7,11,2886.0,-322.0,1.5714285714285714,26-35,No,0.025328260234224177,Low
60,No,1,1499,Sales,28,3,2,3,Female,80,2,3,7,1,1,10266,2845,4,0,19,3,4,0,22,5,4,18,13,13,11,18,6231.0,4035.0,1.2857142857142858,46-60,No,0.14695129899254106,Low
47,No,2,983,Research & Development,2,2,3,1,Female,65,3,2,4,4,0,5070,7389,5,0,13,3,3,3,20,2,3,5,0,0,4,5,6447.0,-1377.0,5.0,46-60,No,0.03198055321481412,Low
46,No,2,1009,Research & Development,2,3,1,1,Male,51,3,4,5,3,1,17861,2288,6,0,13,3,3,0,26,2,1,3,2,0,1,3,16510.0,1351.0,3.0,46-60,No,0.03533417226712228,Low
35,No,2,144,Research & Development,22,3,1,4,Male,46,1,1,2,3,2,4230,19225,0,0,15,3,3,0,6,2,3,5,4,4,3,5,2886.0,1344.0,1.0,26-35,No,0.10480974041971892,Low
54,No,2,548,Research & Development,8,4,1,3,Female,42,3,2,2,3,2,3780,23428,7,0,11,3,3,0,19,3,3,1,0,0,0,1,2886.0,894.0,1.0,46-60,No,0.06802557131628915,Low
34,No,2,1303,Research & Development,2,4,1,4,Male,62,2,1,6,3,0,2768,8416,3,0,12,3,3,1,14,3,3,7,3,5,7,7,2887.5,-119.5,1.1666666666666667,26-35,No,0.016504058381499275,Low
46,No,2,1125,Sales,10,3,2,3,Female,94,2,3,7,4,1,9071,11563,2,1,19,3,3,1,15,3,3,3,2,1,2,3,6231.0,2840.0,1.5,46-60,No,0.04208672859819824,Low
31,No,2,1274,Research & Development,9,1,1,3,Male,33,3,3,4,2,0,10648,14394,1,0,25,4,4,1,13,6,4,13,8,0,8,13,6447.0,4201.0,13.0,26-35,No,0.025165015657645617,Low
33,Yes,2,1277,Research & Development,15,1,3,2,Male,56,3,3,3,3,1,13610,24619,7,1,12,3,4,0,15,2,4,7,6,7,7,7,17454.5,-3844.5,0.875,26-35,Yes,0.5949330218466556,Low
33,Yes,2,587,Research & Development,10,1,3,1,Male,38,1,1,2,4,0,3408,6705,7,0,13,3,1,3,8,2,3,4,3,1,3,4,2886.0,522.0,2.0,26-35,Yes,0.561041757581554,Low
30,No,2,413,Sales,7,1,2,4,Male,57,3,1,8,2,2,2983,18398,0,0,14,3,1,0,4,3,3,3,2,1,2,3,2579.0,404.0,1.5,26-35,No,0.0821739244931873,Low
35,No,2,1276,Research & Development,16,3,1,4,Male,72,3,3,0,3,1,7632,14295,4,1,12,3,3,0,10,2,3,8,7,0,0,8,6811.0,821.0,8.0,26-35,No,0.04810454352488516,Low
31,Yes,1,534,Research & Development,20,3,1,1,Male,66,3,3,0,3,1,9824,22908,3,0,12,3,1,0,12,2,3,1,0,0,0,1,6811.0,3013.0,1.0,26-35,Yes,0.7441289057626761,High
34,Yes,1,988,Human Resources,23,3,0,2,Female,43,3,3,1,1,0,9950,11533,9,1,15,3,3,3,11,2,3,3,2,0,2,3,3093.0,6857.0,3.0,26-35,Yes,0.601715094981808,High
42,No,1,1474,Research & Development,5,2,4,2,Male,97,3,1,2,3,1,2093,9260,4,0,17,3,4,1,8,4,3,2,2,2,0,2,2886.0,-793.0,0.6666666666666666,36-45,No,0.05057963324144691,Low
36,No,0,635,Sales,10,4,3,2,Male,32,3,3,7,4,2,9980,15318,1,0,14,3,4,0,10,3,2,10,3,9,7,10,6231.0,3749.0,1.0,36-45,No,0.13005350281088265,Low
22,Yes,1,1368,Research & Development,4,1,5,3,Male,99,2,1,2,3,2,3894,9129,5,0,16,3,3,0,4,3,3,2,2,1,2,2,2886.0,1008.0,1.0,18-25,Yes,0.645830216288467,High
48,No,2,163,Sales,2,5,2,2,Female,37,3,2,7,4,1,4051,19658,2,0,14,3,1,1,14,2,3,9,7,6,7,9,6231.0,-2180.0,1.2857142857142858,46-60,No,0.049938662099897564,Low
55,No,2,1117,Sales,18,5,1,1,Female,83,3,4,3,2,2,16835,9873,3,0,23,4,4,0,37,2,3,10,9,7,7,10,17454.5,-619.5,1.25,46-60,No,0.04526132962257405,Low
41,No,0,267,Sales,10,2,1,4,Male,56,3,2,7,4,2,6230,13430,7,0,14,3,4,0,16,3,3,14,3,1,10,14,6231.0,-1.0,7.0,36-45,No,0.05656399138801427,Low
35,No,2,619,Sales,1,3,2,2,Male,85,3,2,7,3,1,4717,18659,9,0,11,3,3,0,15,2,3,11,9,6,9,11,6231.0,-1514.0,1.5714285714285714,26-35,No,0.10657066201296658,Low
40,No,2,302,Research & Development,6,3,1,2,Female,75,3,4,4,3,2,13237,20364,7,0,15,3,3,0,22,3,3,20,6,5,13,20,6447.0,6790.0,3.3333333333333335,36-45,No,0.0726345274156651,Low
39,No,1,443,Research & Development,8,1,1,3,Female,48,3,1,2,3,1,3755,17872,1,0,11,3,1,1,8,3,3,8,3,0,7,8,2886.0,869.0,8.0,36-45,No,0.08209654728834793,Low
31,No,2,828,Sales,2,1,1,2,Male,77,3,2,7,4,2,6582,8346,4,1,13,3,3,0,10,2,4,6,5,0,5,6,6231.0,351.0,6.0,26-35,No,0.10629225461558238,Low
42,No,2,319,Research & Development,24,3,3,4,Male,56,3,3,4,1,1,7406,6950,1,1,21,4,4,1,10,5,2,10,9,5,8,10,6447.0,959.0,1.6666666666666667,36-45,No,0.04766901209590426,Low
45,No,2,561,Sales,2,3,4,4,Male,61,3,2,7,2,1,4805,16177,0,0,19,3,2,1,9,3,4,8,7,3,7,8,6231.0,-1426.0,2.0,36-45,No,0.025477171279032294,Low
26,Yes,1,426,Human Resources,17,4,1,2,Female,58,3,1,1,3,0,2741,22808,0,1,11,3,2,1,8,2,2,7,7,1,0,7,3093.0,-352.0,3.5,26-35,Yes,0.6182721668128403,High
29,No,2,232,Research & Development,19,3,5,4,Male,34,3,2,4,4,0,4262,22645,4,0,12,3,2,2,8,2,4,3,2,1,2,3,6447.0,-2185.0,1.5,26-35,No,0.05301353162572393,Low
33,No,2,922,Research & Development,1,5,3,1,Female,95,4,4,5,3,0,16184,22578,4,0,19,3,3,1,10,2,3,6,1,0,5,6,16510.0,-326.0,6.0,26-35,No,0.030041368462648144,Low
31,No,2,688,Sales,7,3,1,3,Male,44,2,3,3,4,0,11557,25291,9,0,21,4,3,1,10,3,2,5,4,0,1,5,17454.5,-5897.5,5.0,26-35,No,0.11045880101308181,Low
18,Yes,1,1306,Sales,5,3,2,2,Male,69,3,1,8,2,2,1878,8059,1,1,14,3,4,0,0,3,3,0,0,0,0,0,2579.0,-701.0,0.0,,Yes,0.9008949456975771,High
40,No,0,1094,Sales,28,3,4,3,Male,58,1,3,7,1,0,10932,11373,3,0,15,3,3,1,20,2,3,1,0,0,1,1,6231.0,4701.0,1.0,36-45,No,0.12222159170101797,Low
41,No,0,509,Research & Development,2,4,4,1,Female,62,2,2,0,3,2,6811,2112,2,1,17,3,1,0,10,3,3,8,7,0,7,8,6811.0,0.0,8.0,36-45,No,0.10581731371040519,Low
26,No,2,775,Sales,29,2,3,1,Male,45,3,2,7,3,0,4306,4267,5,0,12,3,1,2,8,5,3,0,0,0,0,0,6231.0,-1925.0,0.0,26-35,No,0.15431558633017775,Low
35,No,2,195,Sales,1,3,3,1,Female,80,3,2,7,3,2,4859,6698,1,0,16,3,4,0,5,3,3,5,4,0,3,5,6231.0,-1372.0,5.0,26-35,No,0.050774777196210125,Low
34,No,2,258,Sales,21,4,1,4,Male,74,4,2,7,4,2,5337,19921,1,0,12,3,4,0,10,3,3,10,7,5,7,10,6231.0,-894.0,1.6666666666666667,26-35,No,0.05604095834467055,Low
26,Yes,2,471,Research & Development,24,3,5,3,Male,66,1,1,2,4,2,2340,23213,1,1,18,3,2,0,1,3,1,1,0,0,0,1,2886.0,-546.0,1.0,26-35,Yes,0.9347780776728143,High
37,No,2,799,Research & Development,1,3,5,2,Female,59,3,3,4,4,2,7491,23848,4,0,17,3,4,0,12,3,4,6,5,1,2,6,6447.0,1044.0,3.0,36-45,No,0.03056103755921072,Low
46,No,1,1034,Research & Development,18,1,3,1,Female,86,3,3,0,3,1,10527,8984,5,0,11,3,4,0,28,3,2,2,2,1,2,2,6811.0,3716.0,1.0,46-60,No,0.16620582711073054,Low
41,No,2,1276,Sales,2,5,1,2,Female,91,3,4,3,1,1,16595,5626,7,0,16,3,2,1,22,2,3,18,16,11,8,18,17454.5,-859.5,1.5,36-45,No,0.0325904362853297,Low
37,No,0,142,Sales,9,4,3,1,Male,69,3,3,7,2,0,8834,24666,1,0,13,3,4,1,9,6,3,9,5,7,7,9,6231.0,2603.0,1.125,36-45,No,0.0818575334279147,Low
52,No,2,956,Research & Development,6,2,5,4,Male,78,3,2,6,1,0,5577,22087,3,1,12,3,2,2,18,3,3,10,9,6,9,10,2887.5,2689.5,1.4285714285714286,46-60,No,0.03974021634646186,Low
32,Yes,0,1474,Sales,11,4,4,4,Male,60,4,2,7,3,1,4707,23914,8,0,12,3,4,0,6,2,3,4,2,1,2,4,6231.0,-1524.0,2.0,26-35,Yes,0.5459245611325136,Low
24,No,1,535,Sales,24,3,3,4,Male,38,3,1,8,4,1,2400,5530,0,0,13,3,3,2,3,3,3,2,2,2,1,2,2579.0,-179.0,0.6666666666666666,18-25,No,0.10525115948560852,Low
38,No,2,1495,Research & Development,10,3,3,3,Female,76,3,2,0,3,1,9824,22174,3,0,19,3,3,1,18,4,3,1,0,0,0,1,6811.0,3013.0,1.0,36-45,No,0.1307626854534423,Low
37,No,2,446,Research & Development,1,4,1,2,Female,65,3,2,4,2,1,6447,15701,6,0,12,3,2,1,8,2,2,6,5,4,3,6,6447.0,0.0,1.2,36-45,No,0.028411095339265106,Low
49,No,2,1245,Research & Development,18,4,1,4,Male,58,2,5,5,3,0,19502,2125,1,1,17,3,3,1,31,5,3,31,9,0,9,31,16510.0,2992.0,31.0,46-60,No,0.032294476212677066,Low
24,No,2,691,Research & Development,23,3,3,2,Male,89,4,1,6,4,1,2725,21630,1,1,11,3,2,2,6,3,3,6,5,1,4,6,2887.5,-162.5,3.0,18-25,No,0.25893509915120433,Low
26,No,2,703,Sales,28,2,2,1,Male,66,3,2,7,2,1,6272,7428,1,0,20,4,4,2,6,5,4,5,3,1,4,5,6231.0,41.0,2.5,26-35,No,0.11101228314056945,Low
24,No,2,823,Research & Development,17,2,4,4,Male,94,2,1,2,2,1,2127,9100,1,0,21,4,4,1,1,2,3,1,0,0,0,1,2886.0,-759.0,1.0,18-25,Yes,0.5176490695462845,Low
50,No,1,1246,Human Resources,3,3,3,1,Male,99,3,5,3,2,1,18200,7999,1,0,11,3,3,1,32,2,3,32,5,10,7,32,17454.5,745.5,2.909090909090909,46-60,No,0.103007906383169,Low
25,No,2,622,Sales,13,1,3,2,Male,40,3,1,8,3,1,2096,26376,1,0,11,3,3,0,7,1,3,7,4,0,6,7,2579.0,-483.0,7.0,18-25,No,0.12778027485404228,Low
24,Yes,1,1287,Research & Development,7,3,1,1,Female,55,3,1,2,3,1,2886,14168,1,1,16,3,4,1,6,4,3,6,3,1,2,6,2886.0,0.0,3.0,18-25,Yes,0.5460187963291249,Low
30,Yes,1,448,Sales,12,4,1,2,Male,74,2,1,8,1,1,2033,14470,1,0,18,3,3,1,1,2,4,1,0,0,0,1,2579.0,-546.0,1.0,26-35,Yes,0.7597824062135119,High
34,No,2,254,Research & Development,1,2,1,2,Male,83,2,1,6,4,1,3622,22794,1,1,13,3,4,1,6,3,3,6,5,1,3,6,2887.5,734.5,3.0,26-35,No,0.060069727297883825,Low
31,Yes,2,1365,Sales,13,4,3,2,Male,46,3,2,7,1,0,4233,11512,2,0,17,3,3,0,9,2,1,3,1,1,2,3,6231.0,-1998.0,1.5,26-35,Yes,0.5143991039748201,Low
35,No,2,538,Research & Development,25,2,4,1,Male,54,2,2,2,4,2,3681,14004,4,0,14,3,4,0,9,3,3,3,2,0,2,3,2886.0,795.0,3.0,26-35,No,0.1780418168333107,Low
31,No,2,525,Sales,6,4,3,1,Male,66,4,2,7,4,0,5460,6219,4,0,22,4,4,2,13,4,4,7,7,5,7,7,6231.0,-771.0,1.1666666666666667,26-35,No,0.060302988301592086,Low
27,No,2,798,Research & Development,6,4,3,1,Female,66,2,1,6,3,0,2187,5013,0,0,12,3,3,2,6,5,2,5,3,0,3,5,2887.5,-700.5,5.0,26-35,No,0.05285478103354693,Low
37,No,2,558,Sales,2,3,2,4,Male,75,3,2,7,3,1,9602,3010,4,1,11,3,3,1,17,3,2,3,0,1,0,3,6231.0,3371.0,1.5,36-45,No,0.1154681744563042,Low
20,No,2,959,Research & Development,1,3,1,4,Female,83,2,1,6,2,2,2836,11757,1,0,13,3,4,0,1,0,4,1,0,0,0,1,2887.5,-51.5,1.0,18-25,No,0.21067373591154268,Low
42,No,2,622,Research & Development,2,4,1,3,Female,81,3,2,0,4,1,4089,5718,1,0,13,3,2,2,10,4,3,10,2,2,2,10,6811.0,-2722.0,3.3333333333333335,36-45,No,0.01574284406752845,Low
43,No,2,782,Research & Development,6,4,4,2,Male,50,2,4,5,4,0,16627,2671,4,1,14,3,3,1,21,3,2,1,0,0,0,1,16510.0,117.0,1.0,36-45,No,0.05852339956839793,Low
38,No,2,362,Research & Development,1,1,1,3,Female,43,3,1,6,1,2,2619,14561,3,0,17,3,4,0,8,3,2,0,0,0,0,0,2887.5,-268.5,0.0,36-45,No,0.10619159484430027,Low
43,No,1,1001,Research & Development,9,5,3,4,Male,72,3,2,2,3,0,5679,19627,3,1,13,3,2,1,10,3,3,8,7,4,7,8,2886.0,2793.0,1.6,36-45,No,0.036543460158040296,Low
48,No,2,1236,Research & Development,1,4,1,4,Female,40,2,4,3,1,1,15402,17997,7,0,11,3,1,1,21,3,1,3,2,0,2,3,17454.5,-2052.5,3.0,46-60,No,0.030757561341317966,Low
44,No,2,1112,Human Resources,1,4,1,1,Female,50,2,2,1,3,2,5985,26894,4,0,11,3,2,0,10,1,4,2,2,0,2,2,3093.0,2892.0,2.0,36-45,No,0.0683910226306924,Low
34,No,2,204,Sales,14,3,5,3,Female,31,3,1,8,3,0,2579,2912,1,1,18,3,4,2,8,3,3,8,2,0,6,8,2579.0,0.0,8.0,26-35,No,0.12163145465153953,Low
27,Yes,2,1420,Sales,2,1,2,3,Male,85,3,1,8,1,0,3041,16346,0,0,11,3,2,1,5,3,3,4,3,0,2,4,2579.0,462.0,4.0,26-35,Yes,0.5030643068241719,Low
21,No,2,1343,Sales,22,1,5,3,Male,49,3,1,8,3,2,3447,24444,1,0,11,3,3,0,3,2,3,3,2,1,2,3,2579.0,868.0,1.5,18-25,No,0.25524744457829757,Low
44,No,2,1315,Research & Development,3,4,4,4,Male,35,3,5,3,4,1,19513,9358,4,1,12,3,1,1,26,2,4,2,2,0,1,2,17454.5,2058.5,2.0,36-45,No,0.04834575828146872,Low
22,No,2,604,Research & Development,6,1,3,1,Male,69,3,1,6,3,1,2773,12145,0,0,20,4,4,0,3,3,3,2,2,2,2,2,2887.5,-114.5,0.6666666666666666,18-25,No,0.07159728212645737,Low
33,No,2,1216,Sales,8,4,2,3,Male,39,3,2,7,3,0,7104,20431,0,0,12,3,4,0,6,3,3,5,0,1,2,5,6231.0,873.0,2.5,26-35,No,0.04190364079480975,Low
32,No,2,646,Research & Development,9,4,1,1,Female,92,3,2,6,4,1,6322,18089,1,1,12,3,4,1,6,2,2,6,4,0,5,6,2887.5,3434.5,6.0,26-35,No,0.04300544889492097,Low
30,No,1,160,Research & Development,3,3,3,3,Female,71,3,1,6,3,0,2083,22653,1,0,20,4,3,1,1,2,3,1,0,0,0,1,2887.5,-804.5,1.0,26-35,No,0.13672170026564048,Low
53,No,2,238,Sales,1,1,3,4,Female,34,3,2,7,1,2,8381,7507,7,0,20,4,4,0,18,2,4,14,7,8,10,14,6231.0,2150.0,1.5555555555555556,46-60,No,0.1296888315877354,Low
34,No,2,1397,Research & Development,1,5,1,2,Male,42,3,1,6,4,1,2691,7660,1,0,12,3,4,1,10,4,2,10,9,8,8,10,2887.5,-196.5,1.1111111111111112,26-35,No,0.02925422546604296,Low
45,Yes,1,306,Sales,26,4,1,1,Female,100,3,2,7,1,1,4286,5630,2,0,14,3,4,2,5,4,3,1,1,0,0,1,6231.0,-1945.0,1.0,36-45,Yes,0.6237166671692601,High
26,No,2,991,Research & Development,6,3,1,3,Female,71,3,1,2,4,1,2659,17759,1,1,13,3,3,1,3,2,3,3,2,0,2,3,2886.0,-227.0,3.0,26-35,No,0.1537217959612108,Low
37,No,2,482,Research & Development,3,3,4,3,Male,36,3,3,4,3,1,9434,9606,1,0,15,3,3,1,10,2,3,10,7,7,8,10,6447.0,2987.0,1.25,36-45,No,0.026739836011282422,Low
29,No,2,1176,Sales,3,2,3,2,Female,62,3,2,7,3,1,5561,3487,1,0,14,3,1,1,6,5,2,6,0,1,2,6,6231.0,-670.0,3.0,26-35,No,0.017884178244100143,Low
35,No,2,1017,Research & Development,6,4,1,2,Male,82,1,2,6,4,2,6646,19368,1,0,13,3,2,0,17,3,3,17,11,11,8,17,2887.5,3758.5,1.4166666666666667,26-35,No,0.08961716024720444,Low
33,No,1,1296,Research & Development,6,3,1,3,Male,30,3,2,0,4,0,7725,5335,3,0,23,4,3,1,15,2,1,13,11,4,7,13,6811.0,914.0,2.6,26-35,No,0.015120331099450667,Low
54,No,2,397,Human Resources,19,4,3,3,Male,88,3,3,1,2,1,10725,6729,2,0,15,3,3,1,16,1,4,9,7,7,1,9,3093.0,7632.0,1.125,46-60,No,0.06097855536523558,Low
36,No,2,913,Research & Development,9,2,3,2,Male,48,2,2,4,2,0,8847,13934,2,1,11,3,3,1,13,2,3,3,2,0,2,3,6447.0,2400.0,3.0,36-45,No,0.04251671039420755,Low
27,No,2,1115,Research & Development,3,4,3,1,Male,54,2,1,6,4,2,2045,15174,0,0,13,3,4,0,5,0,3,4,2,1,1,4,2887.5,-842.5,2.0,26-35,No,0.09340658460534516,Low
20,Yes,2,1362,Research & Development,10,1,3,4,Male,32,3,1,6,3,2,1009,26999,1,1,11,3,4,0,1,5,3,1,0,1,1,1,2887.5,-1878.5,0.5,18-25,Yes,0.8038065806418948,High
33,Yes,1,1076,Research & Development,3,3,1,1,Male,70,3,1,6,1,2,3348,3164,1,1,11,3,1,0,10,3,3,10,8,9,7,10,2887.5,460.5,1.0,26-35,No,0.3933622265421818,Low
35,No,0,727,Research & Development,3,3,1,3,Male,41,2,1,2,3,1,1281,16900,1,0,18,3,3,2,1,3,3,1,0,0,0,1,2886.0,-1605.0,1.0,26-35,No,0.1366775306339927,Low
23,No,2,885,Research & Development,4,3,3,1,Male,58,4,1,6,1,1,2819,8544,2,0,16,3,1,1,5,3,4,3,2,0,2,3,2887.5,-68.5,3.0,18-25,No,0.06034383635184054,Low
25,No,2,810,Sales,8,3,1,4,Male,57,4,2,7,2,1,4851,15678,0,0,22,4,3,1,4,4,3,3,2,1,2,3,6231.0,-1380.0,1.5,18-25,No,0.024966240681210228,Low
38,No,2,243,Sales,7,4,2,4,Female,46,2,2,7,4,2,4028,7791,0,0,20,4,1,0,8,2,3,7,7,0,5,7,6231.0,-2203.0,7.0,36-45,No,0.033347185123575866,Low
29,No,1,806,Research & Development,1,4,1,2,Male,76,1,1,6,4,0,2720,18959,1,0,18,3,4,1,10,5,3,10,7,2,8,10,2887.5,-167.5,3.3333333333333335,26-35,No,0.055292440342817696,Low
48,No,2,817,Sales,2,1,2,2,Male,56,4,2,7,2,1,8120,18597,3,0,12,3,4,0,12,3,3,2,2,2,2,2,6231.0,1889.0,0.6666666666666666,46-60,No,0.07178734731125609,Low
27,No,1,1410,Sales,3,1,3,4,Female,71,4,2,7,4,0,4647,16673,1,1,20,4,2,2,6,3,3,6,5,0,4,6,6231.0,-1584.0,6.0,26-35,No,0.043605967809707255,Low
37,No,2,1225,Research & Development,10,2,1,4,Male,80,4,1,6,4,2,4680,15232,3,0,17,3,1,0,4,2,3,1,0,0,0,1,2887.5,1792.5,1.0,36-45,No,0.12129660003235285,Low
50,No,2,1207,Research & Development,28,1,3,4,Male,74,4,1,2,3,1,3221,3297,1,1,11,3,3,3,20,3,3,20,8,3,8,20,2886.0,335.0,5.0,46-60,No,0.06004875004189511,Low
34,No,2,1442,Research & Development,9,3,3,4,Female,46,2,3,0,2,2,8621,17654,1,0,14,3,2,0,9,3,4,8,7,7,7,8,6811.0,1810.0,1.0,26-35,No,0.05811826990860471,Low
24,Yes,2,693,Sales,3,2,1,1,Female,65,3,2,7,3,2,4577,24785,9,0,14,3,1,0,4,3,3,2,2,2,0,2,6231.0,-1654.0,0.6666666666666666,18-25,No,0.3040104901191522,Low
39,No,2,408,Research & Development,2,4,5,4,Female,80,2,2,0,3,2,4553,20978,1,0,11,3,1,0,20,4,3,20,7,11,10,20,6811.0,-2258.0,1.6666666666666667,36-45,No,0.034109201137001825,Low
32,No,2,929,Sales,10,3,2,4,Male,55,3,2,7,4,2,5396,21703,1,0,12,3,4,0,10,2,2,10,7,0,8,10,6231.0,-835.0,10.0,26-35,No,0.03347576744561906,Low
50,Yes,1,562,Sales,8,2,5,2,Male,50,3,2,7,3,1,6796,23452,3,1,14,3,1,1,18,4,3,4,3,1,3,4,6231.0,565.0,2.0,46-60,No,0.4202636257289932,Low
38,No,2,827,Research & Development,1,4,1,2,Female,33,4,2,0,4,2,7625,19383,0,0,13,3,3,0,10,4,2,9,7,1,8,9,6811.0,814.0,4.5,36-45,No,0.014729862009278975,Low
27,No,2,608,Research & Development,1,2,1,3,Female,68,3,3,4,1,1,7412,6009,1,0,11,3,4,0,9,3,3,9,7,0,7,9,6447.0,965.0,9.0,26-35,No,0.04487390858862547,Low
32,No,2,1018,Research & Development,3,2,1,3,Female,39,3,3,5,4,2,11159,19373,3,0,15,3,4,0,10,6,3,7,7,7,7,7,16510.0,-5351.0,0.875,26-35,No,0.031062386072790715,Low
47,No,2,703,Sales,14,4,2,4,Male,42,3,2,7,1,2,4960,11825,2,0,12,3,4,0,20,2,3,7,7,1,7,7,6231.0,-1271.0,3.5,46-60,No,0.049367592165331806,Low
40,No,1,580,Sales,5,4,1,4,Male,48,2,3,7,1,1,10475,23772,5,1,21,4,3,1,20,2,3,18,13,1,12,18,6231.0,4244.0,9.0,36-45,No,0.09882611772728049,Low
53,No,2,970,Research & Development,7,3,1,3,Male,59,4,4,5,3,1,14814,13514,3,0,19,3,3,0,32,3,3,5,1,1,3,5,16510.0,-1696.0,2.5,46-60,No,0.009132390362941984,Low
41,No,2,427,Human Resources,10,4,0,2,Male,73,2,5,3,4,0,19141,8861,3,0,15,3,2,3,23,2,2,21,6,12,6,21,17454.5,1686.5,1.6153846153846154,36-45,No,0.07123269222774434,Low
60,No,2,1179,Sales,16,4,2,1,Male,84,3,2,7,1,2,5405,11924,8,0,14,3,4,0,10,1,3,2,2,2,2,2,6231.0,-826.0,0.6666666666666666,46-60,No,0.10146509130615687,Low
27,No,1,294,Research & Development,10,2,1,4,Male,32,3,3,4,1,0,8793,4809,1,0,21,4,3,2,9,4,2,9,7,1,7,9,6447.0,2346.0,4.5,26-35,No,0.05409281150180808,Low
41,No,2,314,Human Resources,1,3,0,4,Male,59,2,5,3,3,1,19189,19562,1,0,12,3,2,1,22,3,3,22,7,2,10,22,17454.5,1734.5,7.333333333333333,36-45,No,0.02142296149887609,Low
50,No,2,316,Sales,8,4,2,4,Male,54,3,1,8,2,1,3875,9983,7,0,15,3,4,1,4,2,3,2,2,2,2,2,2579.0,1296.0,0.6666666666666666,46-60,No,0.05406197165608436,Low
28,Yes,2,654,Research & Development,1,2,1,1,Female,67,1,1,6,2,2,2216,3872,7,1,13,3,4,0,10,4,3,7,7,3,7,7,2887.5,-671.5,1.75,26-35,Yes,0.7563761236389055,High
36,No,0,427,Research & Development,8,3,1,1,Female,63,4,3,5,1,1,11713,20335,9,0,14,3,1,1,10,2,3,8,7,0,5,8,16510.0,-4797.0,8.0,36-45,No,0.0563936876179255,Low
38,No,2,168,Research & Development,1,3,1,3,Female,81,3,3,4,3,2,7861,15397,4,1,14,3,4,0,10,4,4,1,0,0,0,1,6447.0,1414.0,1.0,36-45,No,0.07774934245203768,Low
44,No,0,381,Research & Development,24,3,3,1,Male,49,1,1,2,3,2,3708,2104,2,0,14,3,3,0,9,5,3,5,2,1,4,5,2886.0,822.0,2.5,36-45,No,0.25939118315144843,Low
47,No,1,217,Sales,3,3,3,4,Female,49,3,4,7,3,0,13770,10225,9,1,12,3,4,2,28,2,2,22,2,11,13,22,6231.0,7539.0,1.8333333333333333,46-60,No,0.13594317615936038,Low
30,No,2,501,Sales,27,5,2,3,Male,99,3,2,7,4,0,5304,25275,7,0,23,4,4,1,10,2,2,8,7,7,7,8,6231.0,-927.0,1.0,26-35,No,0.07982135422154121,Low
29,No,2,1396,Sales,10,3,1,3,Male,99,3,1,8,3,2,2642,2755,1,0,11,3,3,0,1,6,3,1,0,0,0,1,2579.0,63.0,1.0,26-35,No,0.19192236252714978,Low
42,Yes,1,933,Research & Development,19,3,3,3,Male,57,4,1,6,3,0,2759,20366,6,1,12,3,4,0,7,2,3,2,2,2,2,2,2887.5,-128.5,0.6666666666666666,36-45,No,0.24584303467522137,Low
43,No,1,775,Sales,15,3,1,4,Male,47,2,2,7,4,1,6804,23683,3,0,18,3,3,1,7,5,3,2,2,2,2,2,6231.0,573.0,0.6666666666666666,36-45,No,0.0683438147151437,Low
34,No,2,970,Research & Development,8,2,3,2,Female,96,3,2,0,3,2,6142,7360,3,0,11,3,4,0,10,2,3,5,1,4,3,5,6811.0,-669.0,1.0,26-35,No,0.01979093245740556,Low
23,No,2,650,Research & Development,9,1,3,2,Male,37,3,1,2,1,1,2500,4344,1,0,14,3,4,1,5,2,4,4,3,0,2,4,2886.0,-386.0,4.0,18-25,No,0.09182371521956156,Low
39,No,2,141,Human Resources,3,3,0,3,Female,44,4,2,1,2,1,6389,18767,9,0,15,3,3,1,12,3,1,8,3,3,6,8,3093.0,3296.0,2.0,36-45,No,0.1586522570813336,Low
56,No,2,832,Research & Development,9,3,3,3,Male,81,3,4,0,4,1,11103,20420,7,0,11,3,3,0,30,1,2,10,7,1,1,10,6811.0,4292.0,5.0,46-60,No,0.041458481024130765,Low
40,No,2,804,Research & Development,2,1,3,4,Female,86,2,1,6,4,2,2342,22929,0,1,20,4,4,0,5,2,2,4,2,2,3,4,2887.5,-545.5,1.3333333333333333,36-45,No,0.11321551703686936,Low
27,No,2,975,Research & Development,7,3,3,4,Female,55,2,2,0,1,2,6811,23398,8,0,19,3,1,0,9,2,1,7,6,0,7,7,6811.0,0.0,7.0,26-35,No,0.10341078384459629,Low
29,No,2,1090,Sales,10,3,2,4,Male,83,3,1,8,2,0,2297,17967,1,0,14,3,4,2,2,2,3,2,2,2,2,2,2579.0,-282.0,0.6666666666666666,26-35,No,0.09596700095264543,Low
53,No,2,346,Research & Development,6,3,1,4,Male,86,3,2,2,4,2,2450,10919,2,0,17,3,4,0,19,4,3,2,2,2,2,2,2886.0,-436.0,0.6666666666666666,46-60,No,0.06335895107910762,Low
35,No,0,1225,Research & Development,2,4,1,4,Female,61,3,2,0,1,0,5093,4761,2,0,11,3,1,1,16,2,4,1,0,0,0,1,6811.0,-1718.0,1.0,26-35,No,0.15673256626594476,Low
32,No,1,430,Research & Development,24,4,1,1,Male,80,3,2,2,4,1,5309,21146,1,0,15,3,4,2,10,2,3,10,8,4,7,10,2886.0,2423.0,2.0,26-35,No,0.04916976510148712,Low
38,No,2,268,Research & Development,2,5,3,4,Male,92,3,1,6,3,1,3057,20471,6,1,13,3,2,1,6,0,1,1,0,0,1,1,2887.5,169.5,1.0,36-45,No,0.24991890314794954,Low
34,No,2,167,Research & Development,8,5,1,2,Female,32,3,2,4,1,0,5121,4187,3,0,14,3,3,1,7,3,3,0,0,0,0,0,6447.0,-1326.0,0.0,26-35,No,0.07186492585037026,Low
52,No,2,621,Sales,3,4,2,3,Male,31,2,4,3,1,1,16856,10084,1,0,11,3,1,0,34,3,4,34,6,1,16,34,17454.5,-598.5,17.0,46-60,No,0.049494669812118426,Low
33,Yes,2,527,Research & Development,1,4,4,4,Male,63,3,1,6,4,2,2686,5207,1,1,13,3,3,0,10,2,2,10,9,7,8,10,2887.5,-201.5,1.25,26-35,No,0.23189813422033817,Low
25,No,2,883,Sales,26,1,3,3,Female,32,3,2,7,4,2,6180,22807,1,0,23,4,2,0,6,5,2,6,5,1,4,6,6231.0,-51.0,3.0,18-25,No,0.08035839735397875,Low
45,No,2,954,Sales,2,2,5,2,Male,46,1,2,8,3,2,6632,12388,0,0,13,3,1,0,9,3,3,8,7,3,1,8,2579.0,4053.0,2.0,36-45,No,0.12696548479659653,Low
23,No,2,310,Research & Development,10,1,3,1,Male,79,4,1,6,3,2,3505,19630,1,0,18,3,4,0,2,3,3,2,2,0,2,2,2887.5,617.5,2.0,18-25,No,0.10752527899457595,Low
47,Yes,1,719,Sales,27,2,1,2,Female,77,4,2,7,3,2,6397,10339,4,1,12,3,4,0,8,2,3,5,4,1,3,5,6231.0,166.0,2.5,46-60,Yes,0.5054208869757539,Low
34,No,2,304,Sales,2,3,4,4,Male,60,3,2,7,4,2,6274,18686,1,0,22,4,3,0,6,5,3,6,5,1,4,6,6231.0,43.0,3.0,26-35,No,0.027568320434403114,Low
55,Yes,2,725,Research & Development,2,3,3,4,Male,78,3,5,3,1,1,19859,21199,5,1,13,3,4,1,24,2,3,5,2,1,4,5,17454.5,2404.5,2.5,46-60,Yes,0.5090243034211045,Low
36,No,0,1434,Sales,8,4,1,1,Male,76,2,3,7,1,2,7587,14229,1,0,15,3,2,0,10,1,3,10,7,0,9,10,6231.0,1356.0,10.0,36-45,No,0.07204155682543993,Low
52,No,0,715,Research & Development,19,4,3,4,Male,41,3,1,6,4,1,4258,26589,0,0,18,3,1,1,5,3,3,4,3,1,2,4,2887.5,1370.5,2.0,46-60,No,0.055225183996873956,Low
26,No,1,575,Research & Development,1,2,1,1,Female,71,1,1,2,4,0,4364,5288,3,0,14,3,1,1,5,2,3,2,2,2,0,2,2886.0,1478.0,0.6666666666666666,26-35,No,0.16892937515284456,Low
29,No,2,657,Research & Development,27,3,3,2,Female,66,3,2,0,3,1,4335,25549,4,0,12,3,1,1,11,3,2,8,7,1,1,8,6811.0,-2476.0,4.0,26-35,No,0.08854298263804679,Low
26,Yes,2,1146,Sales,8,3,5,4,Male,38,2,2,7,1,2,5326,3064,6,0,17,3,3,0,6,2,2,4,3,1,2,4,6231.0,-905.0,2.0,26-35,Yes,0.536688964528378,Low
34,No,2,182,Research & Development,1,4,1,2,Female,72,4,1,6,4,2,3280,13551,2,0,16,3,3,0,10,2,3,4,2,1,3,4,2887.5,392.5,2.0,26-35,No,0.04982799089651164,Low
54,No,2,376,Research & Development,19,4,3,4,Female,95,3,2,4,1,0,5485,22670,9,1,11,3,2,2,9,4,3,5,3,1,4,5,6447.0,-962.0,2.5,46-60,No,0.0637761634948876,Low
27,No,1,829,Sales,8,1,2,3,Male,84,3,2,7,4,1,4342,24008,0,0,19,3,2,1,5,3,3,4,2,1,1,4,6231.0,-1889.0,2.0,26-35,No,0.03879120059227774,Low
37,No,2,571,Research & Development,10,1,1,4,Female,82,3,1,6,1,0,2782,19905,0,1,13,3,2,2,6,3,2,5,3,4,3,5,2887.5,-105.5,1.0,36-45,No,0.13004397728221026,Low
38,No,1,240,Research & Development,2,4,1,1,Female,75,4,2,4,1,2,5980,26085,6,1,12,3,4,0,17,2,3,15,7,4,12,15,6447.0,-467.0,3.0,36-45,No,0.0624107908034322,Low
34,No,2,121,Research & Development,2,4,3,3,Female,86,2,1,6,1,2,4381,7530,1,0,11,3,3,0,6,3,3,6,5,1,3,6,2887.5,1493.5,3.0,26-35,No,0.07809099062906488,Low
35,No,2,384,Sales,8,4,1,1,Female,72,3,1,8,4,1,2572,20317,1,0,16,3,2,1,3,1,2,3,2,0,2,3,2579.0,-7.0,3.0,26-35,No,0.0729261359285937,Low
30,No,2,921,Research & Development,1,3,1,4,Male,38,1,1,2,3,1,3833,24375,3,0,21,4,3,2,7,2,3,2,2,0,2,2,2886.0,947.0,2.0,26-35,No,0.22182909375359713,Low
40,No,1,791,Research & Development,2,2,3,3,Female,38,4,2,0,2,1,4244,9931,1,0,24,4,4,1,8,2,3,8,7,3,7,8,6811.0,-2567.0,2.0,36-45,No,0.029748404217956523,Low
34,No,2,1111,Sales,8,2,1,3,Female,93,3,2,7,1,1,6500,13305,5,0,17,3,2,1,6,1,3,3,2,1,2,3,6231.0,269.0,1.5,26-35,No,0.04021891583788868,Low
42,No,1,570,Research & Development,8,3,1,2,Male,66,3,5,3,4,0,18430,16225,1,0,13,3,2,1,24,4,2,24,7,14,9,24,17454.5,975.5,1.6,36-45,No,0.009861269122160432,Low
23,Yes,2,1243,Research & Development,6,3,1,3,Male,63,4,1,2,1,1,1601,3445,1,1,21,4,3,2,1,2,3,0,0,0,0,0,2886.0,-1285.0,0.0,18-25,Yes,0.8229168941987569,High
24,No,0,1092,Research & Development,9,3,1,3,Male,60,2,1,2,2,0,2694,26551,1,0,11,3,3,3,1,4,3,1,0,0,0,1,2886.0,-192.0,1.0,18-25,No,0.19380600034522885,Low
52,No,2,1325,Research & Development,11,4,1,4,Female,82,3,2,2,3,1,3149,21821,8,0,20,4,2,1,9,3,3,5,2,1,4,5,2886.0,263.0,2.5,46-60,No,0.052375031257135614,Low
50,No,2,691,Research & Development,2,3,3,3,Male,64,3,4,5,3,1,17639,6881,5,0,16,3,4,0,30,3,3,4,3,0,3,4,16510.0,1129.0,4.0,46-60,No,0.016174767790331678,Low
29,Yes,2,805,Research & Development,1,2,1,2,Female,36,2,1,2,1,1,2319,6689,1,1,11,3,4,1,1,1,3,1,0,0,0,1,2886.0,-567.0,1.0,26-35,Yes,0.8435588677675371,High
33,No,2,213,Research & Development,7,3,3,3,Male,49,3,3,5,3,1,11691,25995,0,0,11,3,4,0,14,3,4,13,9,3,7,13,16510.0,-4819.0,3.25,26-35,No,0.032779551507230976,Low
33,Yes,2,118,Sales,16,3,2,1,Female,69,3,2,7,1,2,5324,26507,5,0,15,3,3,0,6,3,3,3,2,0,2,3,6231.0,-907.0,3.0,26-35,Yes,0.6171269482152087,High
47,No,2,202,Research & Development,2,2,4,3,Female,33,3,4,3,4,1,16752,12982,1,1,11,3,3,1,26,3,2,26,14,3,0,26,17454.5,-702.5,6.5,46-60,No,0.025780006975115802,Low
36,No,2,676,Research & Development,1,3,4,3,Female,35,3,2,4,2,1,5228,23361,0,0,15,3,1,1,10,2,3,9,7,0,5,9,6447.0,-1219.0,9.0,36-45,No,0.02580159788424409,Low
29,No,2,1252,Research & Development,23,2,1,3,Male,81,4,1,6,3,1,2700,23779,1,0,24,4,3,1,10,3,3,10,7,0,7,10,2887.5,-187.5,10.0,26-35,No,0.04868888491553551,Low
58,Yes,2,286,Research & Development,2,4,1,4,Male,31,3,5,5,2,2,19246,25761,7,1,12,3,4,0,40,2,3,31,15,13,8,31,16510.0,2736.0,2.2142857142857144,46-60,Yes,0.6886914343735668,High
35,No,2,1258,Research & Development,1,4,1,4,Female,40,4,1,6,3,2,2506,13301,3,0,13,3,3,0,7,0,3,2,2,2,2,2,2887.5,-381.5,0.6666666666666666,26-35,No,0.10065273456179057,Low
42,No,2,932,Research & Development,1,2,1,4,Female,43,2,2,4,4,1,6062,4051,9,1,13,3,4,1,8,4,3,4,3,0,2,4,6447.0,-385.0,4.0,36-45,No,0.03694040637464963,Low
28,Yes,2,890,Research & Development,2,4,3,3,Male,46,3,1,6,3,2,4382,16374,6,0,17,3,4,0,5,3,2,2,2,2,1,2,2887.5,1494.5,0.6666666666666666,26-35,Yes,0.5037676312449901,Low
36,No,2,1041,Human Resources,13,3,0,3,Male,36,3,1,1,2,1,2143,25527,4,0,13,3,2,1,8,2,3,5,2,0,4,5,3093.0,-950.0,5.0,36-45,No,0.09754309577668462,Low
32,No,2,859,Research & Development,4,3,1,3,Female,98,2,2,4,3,1,6162,19124,1,0,12,3,3,1,14,3,3,14,13,6,8,14,6447.0,-285.0,2.0,26-35,No,0.008899823414730867,Low
40,No,1,720,Research & Development,16,4,3,1,Male,51,2,2,2,3,2,5094,11983,6,0,14,3,4,0,10,6,3,1,0,0,0,1,2886.0,2208.0,1.0,36-45,No,0.15000194017183874,Low
30,No,2,946,Research & Development,2,3,3,3,Female,52,2,2,4,4,2,6877,20234,5,1,24,4,2,0,12,4,2,0,0,0,0,0,6447.0,430.0,0.0,26-35,No,0.38679708512702377,Low
45,No,2,252,Research & Development,2,3,1,2,Female,95,2,1,6,3,2,2274,6153,1,0,14,3,4,0,1,3,3,1,0,0,0,1,2887.5,-613.5,1.0,36-45,No,0.2690417107466756,Low
42,No,2,933,Research & Development,29,3,1,2,Male,98,3,2,4,2,1,4434,11806,1,0,13,3,4,1,10,3,2,9,8,7,8,9,6447.0,-2013.0,1.125,36-45,No,0.07838562549582069,Low
38,No,1,471,Research & Development,12,3,1,1,Male,45,2,2,0,1,0,6288,4284,2,0,15,3,3,1,13,3,2,4,3,1,2,4,6811.0,-523.0,2.0,36-45,No,0.042303654370527986,Low
34,No,1,702,Research & Development,16,4,1,3,Female,100,2,1,6,4,2,2553,8306,1,0,16,3,3,0,6,3,3,5,2,1,3,5,2887.5,-334.5,2.5,26-35,No,0.07536007048145825,Low
49,Yes,2,1184,Sales,11,3,2,3,Female,43,3,3,7,4,1,7654,5860,1,0,18,3,1,2,9,3,4,9,8,7,7,9,6231.0,1423.0,1.125,46-60,No,0.44482311236949795,Low
55,Yes,2,436,Sales,2,1,3,3,Male,37,3,2,7,4,2,5160,21519,4,0,16,3,3,0,12,3,2,9,7,7,3,9,6231.0,-1071.0,1.125,46-60,No,0.45517705540416814,Low
43,No,2,589,Research & Development,14,2,1,2,Male,94,3,4,5,1,1,17159,5200,6,0,24,4,3,1,22,3,3,4,1,1,0,4,16510.0,649.0,2.0,36-45,No,0.042664519541534426,Low
27,No,2,269,Research & Development,5,1,5,3,Male,42,2,3,5,4,0,12808,8842,1,1,16,3,2,1,9,3,3,9,8,0,8,9,16510.0,-3702.0,9.0,26-35,No,0.02726267622286316,Low
35,No,2,950,Research & Development,7,3,4,3,Male,59,3,3,4,3,2,10221,18869,3,0,21,4,2,0,17,3,4,8,5,1,6,8,6447.0,3774.0,4.0,26-35,No,0.032014609066667844,Low
28,No,2,760,Sales,2,4,2,2,Female,81,3,2,7,2,1,4779,3698,1,1,20,4,1,0,8,2,3,8,7,7,5,8,6231.0,-1452.0,1.0,26-35,No,0.1430448450731506,Low
34,No,2,829,Human Resources,3,2,0,3,Male,88,3,1,1,4,1,3737,2243,0,0,19,3,3,1,4,1,1,3,2,0,2,3,3093.0,644.0,3.0,26-35,No,0.0529843460177398,Low
26,Yes,1,887,Research & Development,5,2,3,3,Female,88,2,1,6,3,1,2366,20898,1,1,14,3,1,1,8,2,3,8,7,1,7,8,2887.5,-521.5,4.0,26-35,Yes,0.5752627337137539,Low
27,No,0,443,Research & Development,3,3,3,4,Male,50,3,1,6,4,1,1706,16571,1,0,11,3,3,3,0,6,2,0,0,0,0,0,2887.5,-1181.5,0.0,26-35,No,0.13766516955333308,Low
51,No,2,1318,Sales,26,4,2,1,Female,66,3,4,3,3,1,16307,5594,2,0,14,3,3,1,29,2,2,20,6,4,17,20,17454.5,-1147.5,4.0,46-60,No,0.026528667364640896,Low
44,No,2,625,Research & Development,4,3,3,4,Male,50,3,2,0,2,2,5933,5197,9,0,12,3,4,0,10,2,2,5,2,2,3,5,6811.0,-878.0,1.6666666666666667,36-45,No,0.07640081677815336,Low
25,No,2,180,Research & Development,2,1,3,1,Male,65,4,1,6,1,2,3424,21632,7,0,13,3,3,0,6,3,2,4,3,0,1,4,2887.5,536.5,4.0,18-25,No,0.16908001662863759,Low
33,No,2,586,Sales,1,3,3,1,Male,48,4,2,7,1,0,4037,21816,1,0,22,4,1,1,9,5,3,9,8,0,8,9,6231.0,-2194.0,9.0,26-35,No,0.03580715677746047,Low
35,No,2,1343,Research & Development,27,1,3,3,Female,53,2,1,6,1,2,2559,17852,1,0,11,3,4,0,6,3,2,6,5,1,1,6,2887.5,-328.5,3.0,26-35,No,0.08319729905776892,Low
36,No,2,928,Sales,1,2,1,2,Male,56,3,2,7,4,1,6201,2823,1,1,14,3,4,1,18,1,2,18,14,4,11,18,6231.0,-30.0,3.6,36-45,No,0.09487309592975905,Low
32,No,2,117,Sales,13,4,1,2,Male,73,3,2,7,4,0,4403,9250,2,0,11,3,3,1,8,3,2,5,2,0,3,5,6231.0,-1828.0,5.0,26-35,No,0.05732262716767758,Low
30,No,1,1012,Research & Development,5,4,1,2,Male,75,2,1,6,4,0,3761,2373,9,0,12,3,2,1,10,3,2,5,4,0,3,5,2887.5,873.5,5.0,26-35,No,0.05800110553598703,Low
53,No,2,661,Sales,7,2,2,1,Female,78,2,3,7,4,1,10934,20715,7,1,18,3,4,1,35,3,3,5,2,0,4,5,6231.0,4703.0,5.0,46-60,No,0.09241522077132508,Low
45,No,2,930,Sales,9,3,2,4,Male,74,3,3,7,1,0,10761,19239,4,1,12,3,3,1,18,2,3,5,4,0,2,5,6231.0,4530.0,5.0,36-45,No,0.04641361328573997,Low
32,No,2,638,Research & Development,8,2,3,3,Female,91,4,2,6,3,1,5175,22162,5,0,12,3,3,1,9,3,2,5,3,1,3,5,2887.5,2287.5,2.5,26-35,No,0.035205858252047105,Low
52,No,1,890,Research & Development,25,4,3,3,Female,81,2,4,4,4,1,13826,19028,3,0,22,4,3,0,31,3,3,9,8,0,0,9,6447.0,7379.0,9.0,46-60,No,0.03502638212068699,Low
37,No,2,342,Sales,16,4,2,4,Male,66,2,2,7,3,0,6334,24558,4,0,19,3,4,2,9,2,3,1,0,0,0,1,6231.0,103.0,1.0,36-45,No,0.08918840835974949,Low
28,No,2,1169,Human Resources,8,2,3,2,Male,63,2,1,1,4,0,4936,23965,1,0,13,3,4,1,6,6,3,5,1,0,4,5,3093.0,1843.0,5.0,26-35,No,0.032957942809346996,Low
22,No,2,1230,Research & Development,1,2,1,4,Male,33,2,2,4,4,1,4775,19146,6,0,22,4,1,2,4,2,1,2,2,2,2,2,6447.0,-1672.0,0.6666666666666666,18-25,No,0.0905718390799805,Low
44,No,2,986,Research & Development,8,4,1,1,Male,62,4,1,2,4,1,2818,5044,2,1,24,4,3,1,10,2,2,3,2,0,2,3,2886.0,-68.0,3.0,36-45,No,0.1052513136894336,Low
42,No,1,1271,Research & Development,2,1,3,2,Male,35,3,1,6,4,2,2515,9068,5,1,14,3,4,0,8,2,3,2,1,2,2,2,2887.5,-372.5,0.6666666666666666,36-45,No,0.10639556626346963,Low
36,No,2,1278,Human Resources,8,3,1,1,Male,77,2,1,1,1,1,2342,8635,0,0,21,4,3,0,6,3,3,5,4,0,3,5,3093.0,-751.0,5.0,36-45,No,0.05897395089543924,Low
25,No,2,141,Sales,3,1,4,3,Male,98,3,2,7,1,1,4194,14363,1,1,18,3,4,0,5,3,3,5,3,0,3,5,6231.0,-2037.0,5.0,18-25,No,0.07804145283744948,Low
35,No,2,607,Research & Development,9,3,1,4,Female,66,2,3,4,3,1,10685,23457,1,1,20,4,2,1,17,2,3,17,14,5,15,17,6447.0,4238.0,2.8333333333333335,26-35,No,0.045584868950099854,Low
35,Yes,1,130,Research & Development,25,4,1,4,Female,96,3,1,6,2,0,2022,16612,1,1,19,3,1,1,10,3,2,10,2,7,8,10,2887.5,-865.5,1.25,26-35,Yes,0.6838163036309156,High
32,No,0,300,Research & Development,1,3,1,4,Male,61,3,1,2,4,0,2314,9148,0,0,12,3,2,1,4,2,3,3,0,0,2,3,2886.0,-572.0,3.0,26-35,No,0.05073395522491453,Low
25,No,2,583,Sales,4,1,2,3,Male,87,2,2,7,1,1,4256,18154,1,0,12,3,1,0,5,1,4,5,2,0,3,5,6231.0,-1975.0,5.0,18-25,No,0.07223430088907236,Low
49,No,2,1418,Research & Development,1,3,5,3,Female,36,3,1,6,1,1,3580,10554,2,0,16,3,2,1,7,2,3,4,2,0,2,4,2887.5,692.5,4.0,46-60,No,0.05612446274550609,Low
24,No,0,1269,Research & Development,4,1,1,1,Male,46,2,1,2,4,1,3162,10778,0,0,17,3,4,0,6,2,2,5,2,3,4,5,2886.0,276.0,1.25,18-25,No,0.06468076263634344,Low
32,No,1,379,Sales,5,2,1,2,Male,48,3,2,7,2,1,6524,8891,1,0,14,3,4,1,10,3,3,10,8,5,3,10,6231.0,293.0,1.6666666666666667,26-35,No,0.04129246065222819,Low
38,No,2,395,Sales,9,3,2,2,Male,98,2,1,8,2,1,2899,12102,0,0,19,3,4,1,3,3,3,2,2,1,2,2,2579.0,320.0,1.0,36-45,No,0.06570907649901542,Low
42,No,2,1265,Research & Development,3,3,1,3,Female,95,4,2,2,4,1,5231,23726,2,1,13,3,2,1,17,1,2,5,3,1,3,5,2886.0,2345.0,2.5,36-45,No,0.05442999220506594,Low
31,No,2,1222,Research & Development,11,4,1,4,Male,48,3,1,6,4,1,2356,14871,3,1,19,3,2,1,8,2,3,6,4,0,2,6,2887.5,-531.5,6.0,26-35,No,0.08755072648500402,Low
29,Yes,2,341,Sales,1,3,3,2,Female,48,2,1,8,3,0,2800,23522,6,1,19,3,3,3,5,3,3,3,2,0,2,3,2579.0,221.0,3.0,26-35,No,0.2924144848847123,Low
53,No,2,868,Sales,8,3,2,1,Male,73,3,4,7,4,1,11836,22789,5,0,14,3,3,1,28,3,3,2,0,2,2,2,6231.0,5605.0,0.6666666666666666,46-60,No,0.07563635302760736,Low
35,No,2,672,Research & Development,25,3,5,4,Male,78,2,3,4,2,1,10903,9129,3,0,16,3,1,0,16,2,3,13,10,4,8,13,6447.0,4456.0,2.6,26-35,No,0.043983131104711574,Low
37,No,1,1231,Sales,21,2,3,3,Female,54,3,1,8,4,1,2973,21222,5,0,15,3,2,1,10,3,3,5,4,0,0,5,2579.0,394.0,5.0,36-45,No,0.06381119799448232,Low
53,No,2,102,Research & Development,23,4,1,4,Female,72,3,4,5,4,2,14275,20206,6,0,18,3,3,0,33,0,3,12,9,3,8,12,16510.0,-2235.0,3.0,46-60,No,0.13226618815648417,Low
43,No,1,422,Research & Development,1,3,1,4,Female,33,3,2,0,4,1,5562,21782,4,0,13,3,2,1,12,2,2,5,2,2,2,5,6811.0,-1249.0,1.6666666666666667,36-45,No,0.01644678621095029,Low
47,No,2,249,Sales,2,2,2,3,Female,35,3,2,7,4,1,4537,17783,0,1,22,4,1,1,8,2,3,7,6,7,7,7,6231.0,-1694.0,0.875,46-60,No,0.08419011156036812,Low
37,No,0,1252,Sales,19,2,3,1,Male,32,3,3,7,2,2,7642,4814,1,1,13,3,4,0,10,2,3,10,0,0,9,10,6231.0,1411.0,10.0,36-45,No,0.1007759585907996,Low
50,No,0,881,Research & Development,2,4,1,1,Male,98,3,4,3,1,0,17924,4544,1,0,11,3,4,1,31,3,3,31,6,14,7,31,17454.5,469.5,2.066666666666667,46-60,No,0.04787369721303348,Low
39,No,2,1383,Human Resources,2,3,1,4,Female,42,2,2,1,4,1,5204,7790,8,0,11,3,3,2,13,2,3,5,4,0,4,5,3093.0,2111.0,5.0,36-45,No,0.04022507866100302,Low
33,No,2,1075,Human Resources,3,2,0,4,Male,57,3,1,1,2,0,2277,22650,3,1,11,3,3,1,7,4,4,4,3,0,3,4,3093.0,-816.0,4.0,26-35,No,0.28782896352139065,Low
32,Yes,2,374,Research & Development,25,4,1,1,Male,87,3,1,2,4,2,2795,18016,1,1,24,4,3,0,1,2,1,1,0,0,1,1,2886.0,-91.0,1.0,26-35,Yes,0.8532970988731534,High
29,No,2,1086,Research & Development,7,1,3,1,Female,62,2,1,2,4,0,2532,6054,6,0,14,3,3,3,8,5,3,4,3,0,3,4,2886.0,-354.0,4.0,26-35,No,0.10203309773577253,Low
44,No,2,661,Research & Development,9,2,1,2,Male,61,3,1,6,1,1,2559,7508,1,1,13,3,4,0,8,0,3,8,7,7,1,8,2887.5,-328.5,1.0,36-45,No,0.14687218376277147,Low
28,No,2,821,Sales,5,4,3,1,Male,98,3,2,7,4,2,4908,24252,1,0,14,3,2,0,4,3,3,4,2,0,2,4,6231.0,-1323.0,4.0,26-35,No,0.050624883992751106,Low
58,Yes,1,781,Research & Development,2,1,1,4,Male,57,2,1,2,4,0,2380,13384,9,1,14,3,4,1,3,3,2,1,0,0,0,1,2886.0,-506.0,1.0,46-60,Yes,0.6946934589246406,High
43,No,2,177,Research & Development,8,3,1,1,Female,55,3,2,4,2,0,4765,23814,4,0,21,4,3,1,4,2,4,1,0,0,0,1,6447.0,-1682.0,1.0,36-45,No,0.09086202288200844,Low
20,Yes,2,500,Sales,2,3,3,3,Female,49,2,1,8,3,2,2044,22052,1,0,13,3,4,0,2,3,2,2,2,0,2,2,2579.0,-535.0,2.0,18-25,Yes,0.6593010241156176,High
21,Yes,2,1427,Research & Development,18,1,4,4,Female,65,3,1,6,4,2,2693,8870,1,0,19,3,1,0,1,3,2,1,0,0,0,1,2887.5,-194.5,1.0,18-25,No,0.41626140924890753,Low
36,No,2,1425,Research & Development,14,1,1,3,Male,68,3,2,0,4,1,6586,4821,0,1,17,3,1,1,17,2,2,16,8,4,11,16,6811.0,-225.0,3.2,36-45,No,0.04215487888701433,Low
47,No,2,1454,Sales,2,4,1,4,Female,65,2,1,8,4,2,3294,13137,1,1,18,3,1,0,3,3,2,3,2,1,2,3,2579.0,715.0,1.5,46-60,No,0.2849918638017913,Low
22,Yes,2,617,Research & Development,3,1,1,2,Female,34,3,2,4,3,1,4171,10022,0,1,19,3,1,1,4,3,4,3,2,0,2,3,6447.0,-2276.0,3.0,18-25,Yes,0.588511813743343,Low
41,Yes,2,1085,Research & Development,2,4,1,2,Female,57,1,1,2,4,0,2778,17725,4,1,13,3,3,1,10,1,2,7,7,1,0,7,2886.0,-108.0,3.5,36-45,Yes,0.6315383475103943,High
28,No,2,995,Research & Development,9,3,3,3,Female,77,3,1,6,3,0,2377,9834,5,0,18,3,2,1,6,2,3,2,2,2,2,2,2887.5,-510.5,0.6666666666666666,26-35,No,0.11854401993090193,Low
39,Yes,2,1122,Research & Development,6,3,3,4,Male,70,3,1,2,1,1,2404,4303,7,1,21,4,4,0,8,2,1,2,2,2,2,2,2886.0,-482.0,0.6666666666666666,36-45,Yes,0.7014316459334907,High
27,No,2,618,Research & Development,4,3,1,2,Female,76,3,1,6,3,2,2318,17808,1,0,19,3,3,0,1,2,3,1,1,0,0,1,2887.5,-569.5,1.0,26-35,No,0.3957233037179744,Low
34,No,2,546,Research & Development,10,3,1,2,Male,83,3,1,2,2,0,2008,6896,1,0,14,3,2,2,1,3,3,1,0,1,0,1,2886.0,-878.0,0.5,26-35,No,0.3677681306870709,Low
42,No,2,462,Sales,14,2,3,3,Female,68,2,2,7,3,2,6244,7824,7,0,17,3,1,0,10,6,3,5,4,0,3,5,6231.0,13.0,5.0,36-45,No,0.07815115928533828,Low
33,No,2,1198,Research & Development,1,4,4,3,Male,100,2,1,6,1,2,2799,3339,3,1,11,3,2,0,6,1,3,3,2,0,2,3,2887.5,-88.5,3.0,26-35,No,0.1928011000587644,Low
58,No,2,1272,Research & Development,5,3,5,3,Female,37,2,3,0,2,0,10552,9255,2,1,13,3,4,1,24,3,3,6,0,0,4,6,6811.0,3741.0,6.0,46-60,No,0.022317712429548872,Low
31,No,2,154,Sales,7,4,1,2,Male,41,2,1,8,3,1,2329,11737,3,0,15,3,2,0,13,2,4,7,7,5,2,7,2579.0,-250.0,1.1666666666666667,26-35,No,0.08720875005046962,Low
35,No,2,1137,Research & Development,21,1,1,4,Female,51,3,2,0,4,1,4014,19170,1,1,25,4,4,1,10,2,1,10,6,0,7,10,6811.0,-2797.0,10.0,26-35,No,0.06655002748775524,Low
49,No,2,527,Research & Development,8,2,4,1,Female,51,3,3,2,2,1,7403,22477,4,0,11,3,3,1,29,3,2,26,9,1,7,26,2886.0,4517.0,13.0,46-60,No,0.09520768887585229,Low
48,No,2,1469,Research & Development,20,4,3,4,Male,51,3,1,6,3,1,2259,5543,4,0,17,3,1,2,13,2,2,0,0,0,0,0,2887.5,-628.5,0.0,46-60,No,0.07808780840602501,Low
31,No,0,1188,Sales,20,2,2,4,Female,45,3,2,7,3,1,6932,24406,1,0,13,3,4,1,9,2,2,9,8,0,0,9,6231.0,701.0,9.0,26-35,No,0.06205579267714323,Low
36,No,2,188,Research & Development,7,4,4,2,Male,65,3,1,6,4,2,4678,23293,2,0,18,3,3,0,8,6,3,6,2,0,1,6,2887.5,1790.5,6.0,36-45,No,0.0417025372547246,Low
38,No,2,1333,Research & Development,1,3,5,4,Female,80,3,3,5,1,1,13582,16292,1,0,13,3,2,1,15,3,3,15,12,5,11,15,16510.0,-2928.0,2.5,36-45,No,0.008276862232666656,Low
32,No,0,1184,Research & Development,1,3,1,3,Female,70,2,1,2,2,1,2332,3974,6,0,20,4,3,0,5,3,3,3,0,0,2,3,2886.0,-554.0,3.0,26-35,No,0.07196384332790103,Low
25,Yes,2,867,Sales,19,2,2,3,Male,36,2,1,8,2,1,2413,18798,1,1,18,3,3,3,1,2,3,1,0,0,0,1,2579.0,-166.0,1.0,18-25,Yes,0.8747896443618004,High
40,No,2,658,Sales,10,4,2,1,Male,67,2,3,7,2,0,9705,20652,2,0,12,3,2,1,11,2,2,1,0,0,0,1,6231.0,3474.0,1.0,36-45,No,0.29966313353242907,Low
26,No,1,1283,Sales,1,3,3,3,Male,52,2,2,7,1,2,4294,11148,1,0,12,3,2,0,7,2,3,7,7,0,7,7,6231.0,-1937.0,7.0,26-35,No,0.043707967347753174,Low
41,No,2,263,Research & Development,6,3,3,4,Male,59,3,1,2,1,2,4721,3119,2,1,13,3,3,0,20,3,3,18,13,2,17,18,2886.0,1835.0,6.0,36-45,No,0.144755442839304,Low
36,No,2,938,Research & Development,2,4,3,3,Male,79,3,1,2,3,2,2519,12287,4,0,21,4,3,0,16,6,3,11,8,3,9,11,2886.0,-367.0,2.75,36-45,No,0.037960684452868515,Low
19,Yes,2,419,Sales,21,3,4,4,Male,37,2,1,8,2,2,2121,9947,1,1,13,3,2,0,1,3,4,1,0,0,0,1,2579.0,-458.0,1.0,18-25,Yes,0.8946837814138322,High
20,Yes,2,129,Research & Development,4,3,5,1,Male,84,3,1,2,1,2,2973,13008,1,0,19,3,2,0,1,2,3,1,0,0,0,1,2886.0,87.0,1.0,18-25,Yes,0.7987477942000161,High
31,No,2,616,Research & Development,12,3,3,4,Female,41,3,2,0,4,1,5855,17369,0,1,11,3,3,2,10,2,1,9,7,8,5,9,6811.0,-956.0,1.0,26-35,No,0.061502647826220835,Low
40,No,1,1469,Research & Development,9,4,3,4,Male,35,3,1,6,2,0,3617,25063,8,1,14,3,4,1,3,2,3,1,1,0,0,1,2887.5,729.5,1.0,36-45,No,0.09906862918528467,Low
32,No,2,498,Research & Development,3,4,3,3,Female,93,3,2,4,1,1,6725,13554,1,0,12,3,3,1,8,2,4,8,7,6,3,8,6447.0,278.0,1.1428571428571428,26-35,No,0.01858668576285462,Low
36,Yes,2,530,Sales,3,1,1,3,Male,51,2,3,7,4,1,10325,5518,1,1,11,3,1,1,16,6,3,16,7,3,7,16,6231.0,4094.0,4.0,36-45,No,0.48367020034208036,Low
33,No,2,1069,Research & Development,1,3,1,2,Female,42,2,2,0,4,2,6949,12291,0,0,14,3,1,0,6,3,3,5,0,1,4,5,6811.0,138.0,2.5,26-35,No,0.021894607827972735,Low
37,Yes,2,625,Sales,1,4,1,1,Male,46,2,3,7,3,1,10609,14922,5,0,11,3,3,0,17,2,1,14,1,11,7,14,6231.0,4378.0,1.1666666666666667,36-45,Yes,0.6455061756927156,High
45,No,0,805,Research & Development,4,2,1,3,Male,57,3,2,2,2,1,4447,23163,1,0,12,3,2,0,9,5,2,9,7,0,8,9,2886.0,1561.0,9.0,36-45,No,0.03782054344661658,Low
29,No,1,1404,Sales,20,3,5,3,Female,84,3,1,8,4,1,2157,18203,1,0,15,3,2,1,3,5,3,3,1,0,2,3,2579.0,-422.0,3.0,26-35,No,0.24838477909847878,Low
35,No,2,1219,Sales,18,3,3,3,Female,86,3,2,7,3,1,4601,6179,1,0,16,3,2,0,5,3,3,5,2,1,0,5,6231.0,-1630.0,2.5,26-35,No,0.06852340311054277,Low
52,No,2,1053,Research & Development,1,2,1,4,Male,70,3,4,3,4,1,17099,13829,2,0,15,3,2,1,26,2,2,9,8,7,8,9,17454.5,-355.5,1.125,46-60,No,0.023682868683183537,Low
58,Yes,2,289,Research & Development,2,3,5,4,Male,51,3,1,6,3,2,2479,26227,4,0,24,4,1,0,7,4,3,1,0,0,0,1,2887.5,-408.5,1.0,46-60,No,0.2534545559550617,Low
53,No,2,1376,Sales,2,2,3,3,Male,45,3,4,3,3,0,14852,13938,6,0,13,3,3,1,22,3,4,17,13,15,2,17,17454.5,-2602.5,1.0625,46-60,No,0.04170861824792986,Low
30,No,2,231,Sales,8,2,4,3,Male,62,3,3,7,3,0,7264,9977,5,0,11,3,1,1,10,2,4,8,4,7,7,8,6231.0,1033.0,1.0,26-35,No,0.0897879413981644,Low
38,No,0,152,Sales,10,3,5,3,Female,85,3,2,7,4,2,5666,19899,1,1,13,3,2,0,6,1,3,5,3,1,3,5,6231.0,-565.0,2.5,36-45,No,0.11290340836601544,Low
35,No,2,882,Sales,3,4,1,4,Male,92,3,3,7,4,0,7823,6812,6,0,13,3,2,1,12,2,3,10,9,0,8,10,6231.0,1592.0,10.0,26-35,No,0.06799923207545605,Low
39,No,2,903,Sales,2,5,1,1,Male,41,4,3,7,3,2,7880,2560,0,0,18,3,4,0,9,3,3,8,7,0,7,8,6231.0,1649.0,8.0,36-45,No,0.046477426797333056,Low
40,Yes,0,1479,Sales,24,3,1,2,Female,100,4,4,7,2,2,13194,17071,4,1,16,3,4,0,22,2,2,1,0,0,0,1,6231.0,6963.0,1.0,36-45,Yes,0.7750128018369693,High
47,No,1,1379,Research & Development,16,4,3,3,Male,64,4,2,4,3,0,5067,6759,1,1,19,3,3,0,20,3,4,19,10,2,7,19,6447.0,-1380.0,6.333333333333333,46-60,No,0.01983699624083491,Low
36,No,0,1229,Sales,8,4,5,1,Male,84,3,2,7,4,0,5079,25952,4,0,13,3,4,2,12,3,3,7,7,0,7,7,6231.0,-1152.0,7.0,36-45,No,0.03257045966550959,Low
31,Yes,0,335,Research & Development,9,2,3,3,Male,46,2,1,6,1,2,2321,10322,0,1,22,4,1,0,4,0,3,3,2,1,2,3,2887.5,-566.5,1.5,26-35,No,0.4580680719701496,Low
33,No,0,722,Sales,17,3,1,4,Male,38,3,4,3,3,2,17444,20489,1,0,11,3,4,0,10,2,3,10,8,6,0,10,17454.5,-10.5,1.4285714285714286,26-35,No,0.029212039908511383,Low
29,Yes,2,906,Research & Development,10,3,1,4,Female,92,2,1,6,1,2,2404,11479,6,1,20,4,3,0,3,5,3,0,0,0,0,0,2887.5,-483.5,0.0,26-35,Yes,0.6224328876529147,High
33,No,2,461,Research & Development,13,1,1,2,Female,53,3,1,6,4,2,3452,17241,3,0,18,3,1,0,5,4,3,3,2,0,2,3,2887.5,564.5,3.0,26-35,No,0.06212348781661683,Low
45,No,2,974,Research & Development,1,4,3,4,Female,91,3,1,2,4,0,2270,11005,3,0,14,3,4,2,8,2,3,5,3,0,2,5,2886.0,-616.0,5.0,36-45,No,0.032947027918803884,Low
50,No,2,1126,Research & Development,1,2,3,4,Male,66,3,4,5,4,0,17399,6615,9,0,22,4,3,1,32,1,2,5,4,1,3,5,16510.0,889.0,2.5,46-60,No,0.01714423175820339,Low
33,No,1,827,Research & Development,1,4,4,3,Female,84,4,2,0,2,1,5488,20161,1,1,13,3,1,1,6,2,3,6,5,1,2,6,6811.0,-1323.0,3.0,26-35,No,0.059236878541205455,Low
41,No,1,840,Research & Development,9,3,3,1,Male,64,3,5,5,3,0,19419,3735,2,0,17,3,2,1,21,2,4,18,16,0,11,18,16510.0,2909.0,18.0,36-45,No,0.04052561663497862,Low
27,No,2,1134,Research & Development,16,4,5,3,Female,37,3,1,2,2,1,2811,12086,9,0,14,3,2,1,4,2,3,2,2,2,2,2,2886.0,-75.0,0.6666666666666666,26-35,No,0.11222977727415724,Low
45,No,0,248,Research & Development,23,2,1,4,Male,42,3,2,2,1,1,3633,14039,1,1,15,3,3,1,9,2,3,9,8,0,8,9,2886.0,747.0,9.0,36-45,No,0.06301516983194062,Low
47,No,2,955,Sales,4,2,1,4,Female,83,3,2,7,4,2,4163,8571,1,1,17,3,3,0,9,0,3,9,0,0,7,9,6231.0,-2068.0,9.0,46-60,No,0.07146406437622582,Low
30,Yes,2,138,Research & Development,22,3,1,1,Female,48,3,1,6,3,1,2132,11539,4,1,11,3,2,0,7,2,3,5,2,0,1,5,2887.5,-755.5,5.0,26-35,Yes,0.732869233680611,High
50,No,2,939,Research & Development,24,3,1,4,Male,95,3,4,4,3,1,13973,4161,3,1,18,3,4,1,22,2,3,12,11,1,5,12,6447.0,7526.0,6.0,46-60,No,0.03604126992438266,Low
38,No,1,1391,Research & Development,10,1,3,3,Male,66,3,1,6,3,1,2684,12127,0,0,17,3,2,1,3,0,2,2,1,0,2,2,2887.5,-203.5,2.0,36-45,No,0.04522447897957037,Low
46,No,2,566,Research & Development,7,2,3,4,Male,75,3,3,4,3,0,10845,24208,6,0,13,3,2,1,13,3,3,8,7,0,7,8,6447.0,4398.0,8.0,46-60,No,0.03834187823330351,Low
24,No,2,1206,Research & Development,17,1,3,4,Female,41,2,2,4,3,0,4377,24117,1,0,15,3,2,2,5,6,3,4,2,3,2,4,6447.0,-2070.0,1.0,18-25,No,0.06806640172679454,Low
35,Yes,2,622,Research & Development,14,4,4,3,Male,39,2,1,2,2,0,3743,10074,1,1,24,4,4,1,5,2,1,4,2,0,2,4,2886.0,857.0,4.0,26-35,Yes,0.60848014547259,High
31,No,1,853,Research & Development,1,1,1,3,Female,96,3,2,4,1,1,4148,11275,1,0,12,3,3,1,4,1,3,4,3,0,3,4,6447.0,-2299.0,4.0,26-35,No,0.05683552882067617,Low
18,No,0,287,Research & Development,5,2,1,2,Male,73,3,1,6,4,2,1051,13493,1,0,15,3,4,0,0,2,3,0,0,0,0,0,2887.5,-1836.5,0.0,,No,0.1888605137552506,Low
54,No,2,1441,Research & Development,17,3,5,3,Female,56,3,3,4,3,1,10739,13943,8,0,11,3,3,1,22,2,3,10,7,0,8,10,6447.0,4292.0,10.0,46-60,No,0.03596279177679315,Low
35,No,2,583,Research & Development,25,4,3,3,Female,57,3,3,0,3,0,10388,6975,1,1,11,3,3,1,16,3,2,16,10,10,1,16,6811.0,3577.0,1.4545454545454546,26-35,No,0.10035709572428443,Low
30,No,2,153,Research & Development,8,2,1,2,Female,73,4,3,5,1,1,11416,17802,0,1,12,3,3,3,9,4,2,8,7,1,7,8,16510.0,-5094.0,4.0,26-35,No,0.051003242168912666,Low
20,Yes,2,1097,Research & Development,11,3,3,4,Female,98,2,1,6,1,2,2600,18275,1,1,15,3,1,0,1,2,3,1,0,0,0,1,2887.5,-287.5,1.0,18-25,Yes,0.8224264254899266,High
30,Yes,1,109,Research & Development,5,3,3,2,Female,60,3,1,2,2,2,2422,25725,0,0,17,3,1,0,4,3,3,3,2,1,2,3,2886.0,-464.0,1.5,26-35,No,0.18660428327694467,Low
26,No,2,1066,Research & Development,2,2,3,4,Male,32,4,2,4,4,1,5472,3334,1,0,12,3,2,0,8,2,3,8,7,1,3,8,6447.0,-975.0,4.0,26-35,No,0.028665614032985426,Low
22,No,2,217,Research & Development,8,1,1,2,Male,94,1,1,2,1,1,2451,6881,1,0,15,3,1,1,4,3,2,4,3,1,1,4,2886.0,-435.0,2.0,18-25,No,0.10312435648234765,Low
48,No,2,277,Research & Development,6,3,1,1,Male,97,2,2,0,3,2,4240,13119,2,0,13,3,4,0,19,0,3,2,2,2,2,2,6811.0,-2571.0,0.6666666666666666,46-60,No,0.05629957459033372,Low
48,No,2,1355,Research & Development,4,4,1,3,Male,78,2,3,0,3,2,10999,22245,7,0,14,3,2,0,27,3,3,15,11,4,8,15,6811.0,4188.0,3.0,46-60,No,0.025093161834075495,Low
41,No,2,549,Research & Development,7,2,3,4,Female,42,3,2,4,3,2,5003,23371,6,0,14,3,2,0,8,6,3,2,2,2,1,2,6447.0,-1444.0,0.6666666666666666,36-45,No,0.028690990531489127,Low
39,No,2,466,Research & Development,1,1,1,4,Female,65,2,4,4,4,1,12742,7060,1,0,16,3,3,1,21,3,3,21,6,11,8,21,6447.0,6295.0,1.75,36-45,No,0.024431842539673437,Low
27,No,2,1055,Research & Development,2,4,1,1,Female,47,3,2,4,4,1,4227,4658,0,0,18,3,2,1,4,2,3,3,2,2,2,3,6447.0,-2220.0,1.0,26-35,No,0.042992628091089724,Low
35,No,2,802,Research & Development,10,3,4,2,Male,45,3,1,2,4,0,3917,9541,1,0,20,4,1,1,3,4,2,3,2,1,2,3,2886.0,1031.0,1.5,26-35,No,0.0649748744301379,Low
42,No,2,265,Sales,5,2,2,4,Male,90,3,5,3,3,1,18303,7770,6,0,13,3,2,0,21,3,4,1,0,0,0,1,17454.5,848.5,1.0,36-45,No,0.0330037282640222,Low
50,No,2,804,Research & Development,9,3,1,1,Male,64,3,1,2,4,1,2380,20165,4,0,18,3,2,0,8,5,3,1,0,0,0,1,2886.0,-506.0,1.0,46-60,No,0.23403076232272998,Low
59,No,2,715,Research & Development,2,3,1,3,Female,69,2,4,4,4,2,13726,21829,3,1,13,3,1,0,30,4,3,5,3,4,3,5,6447.0,7279.0,1.0,46-60,No,0.07008368468590064,Low
37,Yes,2,1141,Research & Development,11,2,3,1,Female,61,1,2,0,2,1,4777,14382,5,0,15,3,1,0,15,2,1,1,0,0,0,1,6811.0,-2034.0,1.0,36-45,No,0.3006722891389785,Low
55,No,1,135,Research & Development,18,4,3,3,Male,62,3,2,0,2,1,6385,12992,3,1,14,3,4,2,17,3,3,8,7,6,7,8,6811.0,-426.0,1.1428571428571428,46-60,No,0.05117441759581452,Low
41,No,0,247,Research & Development,7,1,1,2,Female,55,1,5,5,3,0,19973,20284,1,0,22,4,2,2,21,3,3,21,16,5,10,21,16510.0,3463.0,3.5,36-45,No,0.0525693176269337,Low
38,No,2,1035,Sales,3,4,1,2,Male,42,3,2,7,4,2,6861,4981,8,1,12,3,3,0,19,1,3,1,0,0,0,1,6231.0,630.0,1.0,36-45,No,0.3034037469843037,Low
26,Yes,0,265,Sales,29,2,3,2,Male,79,1,2,7,1,2,4969,21813,8,0,18,3,4,0,7,6,3,2,2,2,2,2,6231.0,-1262.0,0.6666666666666666,26-35,Yes,0.7027005059605925,High
52,Yes,2,266,Sales,2,1,2,1,Female,57,1,5,3,4,1,19845,25846,1,0,15,3,4,1,33,3,3,32,14,6,9,32,17454.5,2390.5,4.571428571428571,46-60,Yes,0.65344721075193,High
44,No,2,1448,Sales,28,3,3,4,Female,53,4,4,7,4,1,13320,11737,3,1,18,3,3,1,23,2,3,12,11,11,11,12,6231.0,7089.0,1.0,36-45,No,0.07907666252452993,Low
50,No,0,145,Sales,1,3,1,4,Female,95,3,2,7,3,1,6347,24920,0,0,12,3,1,1,19,3,3,18,7,0,13,18,6231.0,116.0,18.0,46-60,No,0.036405233247120944,Low
36,Yes,2,885,Research & Development,16,4,1,3,Female,43,4,1,2,1,2,2743,8269,1,0,16,3,3,0,18,1,3,17,13,15,14,17,2886.0,-143.0,1.0625,36-45,Yes,0.5819833257149467,Low
39,No,1,945,Research & Development,22,3,3,4,Female,82,3,3,4,1,2,10880,5083,1,1,13,3,3,0,21,2,3,21,6,2,8,21,6447.0,4433.0,7.0,36-45,No,0.047422138046442124,Low
33,No,0,1038,Sales,8,1,1,2,Female,88,2,1,8,4,2,2342,21437,0,0,19,3,4,0,3,2,2,2,2,2,2,2,2579.0,-237.0,0.6666666666666666,26-35,No,0.099561752619036,Low
45,No,2,1234,Sales,11,2,1,4,Female,90,3,4,3,4,1,17650,5404,3,0,13,3,2,1,26,4,4,9,3,1,1,9,17454.5,195.5,4.5,36-45,No,0.02437153688784149,Low
32,No,0,1109,Research & Development,29,4,3,4,Female,69,3,1,2,3,2,4025,11135,9,0,12,3,2,0,10,2,3,8,7,7,7,8,2886.0,1139.0,1.0,26-35,No,0.12382635892606025,Low
34,No,2,216,Sales,1,4,2,2,Male,75,4,2,7,4,0,9725,12278,0,0,11,3,4,1,16,2,2,15,1,0,9,15,6231.0,3494.0,15.0,26-35,No,0.06067364994429383,Low
59,No,2,1089,Sales,1,2,5,2,Male,66,3,3,3,4,1,11904,11038,3,1,14,3,3,1,14,1,1,6,4,0,4,6,17454.5,-5550.5,6.0,46-60,No,0.0545802560328932,Low
45,No,2,788,Human Resources,24,4,3,2,Male,36,3,1,1,2,2,2177,8318,1,0,16,3,1,0,6,3,3,6,3,0,4,6,3093.0,-916.0,6.0,36-45,No,0.053300313725134545,Low
53,No,1,124,Sales,2,3,2,3,Female,38,2,3,7,2,1,7525,23537,2,0,12,3,1,1,30,2,3,15,7,6,12,15,6231.0,1294.0,2.142857142857143,46-60,No,0.0871664739760869,Low
36,Yes,2,660,Research & Development,15,3,4,1,Male,81,3,2,2,3,0,4834,7858,7,0,14,3,2,1,9,3,2,1,0,0,0,1,2886.0,1948.0,1.0,36-45,Yes,0.5858361629989236,Low
26,Yes,1,342,Research & Development,2,3,1,1,Male,57,3,1,6,1,1,2042,15346,6,1,14,3,2,1,6,2,3,3,2,1,2,3,2887.5,-845.5,1.5,26-35,No,0.41915335400214476,Low
34,No,2,1333,Sales,10,4,1,3,Female,87,3,1,8,3,1,2220,18410,1,1,19,3,4,1,1,2,3,1,1,0,0,1,2579.0,-359.0,1.0,26-35,No,0.2213680363322705,Low
28,No,2,1144,Sales,10,1,3,4,Male,74,3,1,8,2,1,1052,23384,1,0,22,4,2,0,1,5,3,1,0,0,0,1,2579.0,-1527.0,1.0,26-35,Yes,0.5934611061596354,Low
38,No,1,1186,Research & Development,3,4,4,3,Male,44,3,1,6,3,1,2821,2997,3,0,16,3,1,1,8,2,3,2,2,2,2,2,2887.5,-66.5,0.6666666666666666,36-45,No,0.06404297566294538,Low
50,No,2,1464,Research & Development,2,4,3,2,Male,62,3,5,5,3,1,19237,12853,2,1,11,3,4,1,29,2,2,8,1,7,7,8,16510.0,2727.0,1.0,46-60,No,0.09308015562791577,Low
37,No,2,124,Research & Development,3,3,4,4,Female,35,3,2,0,2,2,4107,13848,3,0,15,3,1,0,8,3,2,4,3,0,1,4,6811.0,-2704.0,4.0,36-45,No,0.0776505560847168,Low
40,No,2,300,Sales,26,3,2,3,Male,74,3,2,7,1,1,8396,22217,1,0,14,3,2,1,8,3,2,7,7,7,5,7,6231.0,2165.0,0.875,36-45,No,0.08270277850501476,Low
26,No,1,921,Research & Development,1,1,3,1,Female,66,2,1,6,3,0,2007,25265,1,0,13,3,3,2,5,5,3,5,3,1,3,5,2887.5,-880.5,2.5,26-35,No,0.052294127322416124,Low
46,No,2,430,Research & Development,1,4,3,4,Male,40,3,5,5,4,0,19627,21445,9,0,17,3,4,2,23,0,3,2,2,2,2,2,16510.0,3117.0,0.6666666666666666,46-60,No,0.13911420488387602,Low
54,No,2,1082,Sales,2,4,1,3,Female,41,2,3,7,3,1,10686,8392,6,0,11,3,2,1,13,4,3,9,4,7,0,9,6231.0,4455.0,1.125,46-60,No,0.19544831643982188,Low
56,No,1,1240,Research & Development,9,3,3,1,Female,63,3,1,6,3,1,2942,12154,2,0,19,3,2,1,18,4,3,5,4,0,3,5,2887.5,54.5,5.0,46-60,No,0.06424349165966871,Low
36,No,2,796,Research & Development,12,5,3,4,Female,51,2,3,4,4,2,8858,15669,0,0,11,3,2,0,15,2,2,14,8,7,8,14,6447.0,2411.0,1.75,36-45,No,0.07279931981724455,Low
55,No,0,444,Research & Development,2,1,3,3,Male,40,2,4,3,1,2,16756,17323,7,0,15,3,2,0,31,3,4,9,7,6,2,9,17454.5,-698.5,1.2857142857142858,46-60,No,0.048590712538564486,Low
43,No,2,415,Sales,25,3,3,3,Male,79,2,3,7,4,0,10798,5268,5,0,13,3,3,1,18,5,3,1,0,0,0,1,6231.0,4567.0,1.0,36-45,No,0.06323934593129515,Low
20,Yes,1,769,Sales,9,3,2,4,Female,54,3,1,8,4,2,2323,17205,1,1,14,3,2,0,2,3,3,2,2,0,2,2,2579.0,-256.0,2.0,18-25,Yes,0.7316977309189778,High
21,Yes,2,1334,Research & Development,10,3,1,3,Female,36,2,1,2,1,2,1416,17258,1,0,13,3,1,0,1,6,2,1,0,1,0,1,2886.0,-1470.0,0.5,18-25,Yes,0.8925123706702652,High
46,No,2,1003,Research & Development,8,4,1,4,Female,74,2,2,6,1,0,4615,21029,8,1,23,4,1,3,19,2,3,16,13,1,7,16,2887.5,1727.5,8.0,46-60,No,0.07075091115238441,Low
51,Yes,2,1323,Research & Development,4,4,1,1,Male,34,3,1,6,3,1,2461,10332,9,1,12,3,3,3,18,2,4,10,0,2,7,10,2887.5,-426.5,3.3333333333333335,46-60,No,0.19400247187903374,Low
28,Yes,0,1366,Research & Development,24,2,5,2,Male,72,2,3,0,1,2,8722,12355,1,0,12,3,1,0,10,2,2,10,7,1,9,10,6811.0,1911.0,5.0,26-35,No,0.0974873952064911,Low
26,No,2,192,Research & Development,1,2,3,1,Male,59,2,1,2,1,1,3955,11141,1,0,16,3,1,2,6,2,3,5,3,1,3,5,2886.0,1069.0,2.5,26-35,No,0.07411779007457885,Low
30,No,2,1176,Research & Development,20,3,4,3,Male,85,3,2,4,1,1,9957,9096,0,0,15,3,3,1,7,1,2,6,2,0,2,6,6447.0,3510.0,6.0,26-35,No,0.04438243525061406,Low
41,No,2,509,Research & Development,7,2,5,2,Female,43,4,1,6,3,1,3376,18863,1,0,13,3,3,0,10,3,3,10,6,0,8,10,2887.5,488.5,10.0,36-45,No,0.022634781082629854,Low
38,No,2,330,Research & Development,17,1,1,3,Female,65,2,3,0,3,1,8823,24608,0,0,18,3,1,1,20,4,2,19,9,1,9,19,6811.0,2012.0,9.5,36-45,No,0.02731875662677501,Low
40,No,2,1492,Research & Development,20,4,5,1,Male,61,3,3,0,4,1,10322,26542,4,0,20,4,4,1,14,6,3,11,10,11,1,11,6811.0,3511.0,0.9166666666666666,36-45,No,0.05644327107810155,Low
27,No,0,1277,Research & Development,8,5,1,1,Male,87,1,1,2,3,1,4621,5869,1,0,19,3,4,3,3,4,3,3,2,1,2,3,2886.0,1735.0,1.5,26-35,No,0.11473148750791999,Low
55,No,1,1091,Research & Development,2,1,1,4,Male,65,3,3,4,2,1,10976,15813,3,0,18,3,2,1,23,4,3,3,2,1,2,3,6447.0,4529.0,1.5,46-60,No,0.019693010549670167,Low
28,No,2,857,Research & Development,10,3,4,3,Female,59,3,2,6,3,2,3660,7909,3,0,13,3,4,0,10,4,4,8,7,1,7,8,2887.5,772.5,4.0,26-35,No,0.04617920057819255,Low
44,Yes,2,1376,Human Resources,1,2,3,2,Male,91,2,3,1,1,1,10482,2326,9,0,14,3,4,1,24,1,3,20,6,3,6,20,3093.0,7389.0,5.0,36-45,No,0.13267829675381326,Low
33,No,2,654,Research & Development,5,3,1,4,Male,34,2,3,0,4,0,7119,21214,4,0,15,3,3,1,9,2,3,3,2,1,2,3,6811.0,308.0,1.5,26-35,No,0.015970466255416742,Low
35,Yes,2,1204,Sales,4,3,5,4,Male,86,3,3,7,1,2,9582,10333,0,1,22,4,1,0,9,2,3,8,7,4,7,8,6231.0,3351.0,1.6,26-35,Yes,0.6398595016152813,High
33,Yes,1,827,Research & Development,29,4,3,1,Female,54,2,2,6,3,2,4508,3129,1,0,22,4,2,0,14,4,3,13,7,3,8,13,2887.5,1620.5,3.25,26-35,Yes,0.5098551061870389,Low
28,No,2,895,Research & Development,15,2,1,1,Male,50,3,1,2,3,0,2207,22482,1,0,16,3,4,1,4,5,2,4,2,2,2,4,2886.0,-679.0,1.3333333333333333,26-35,No,0.07034452736942312,Low
34,No,1,618,Research & Development,3,1,1,1,Male,45,3,2,0,4,2,7756,22266,0,0,17,3,3,0,7,1,2,6,2,0,4,6,6811.0,945.0,6.0,26-35,No,0.032398701946785215,Low
37,No,2,309,Sales,10,4,1,4,Female,88,2,2,7,4,0,6694,24223,2,1,14,3,3,3,8,5,3,1,0,0,0,1,6231.0,463.0,1.0,36-45,No,0.17463514991333748,Low
25,Yes,2,1219,Research & Development,4,1,5,4,Male,32,3,1,2,4,1,3691,4605,1,1,15,3,2,1,7,3,4,7,7,5,6,7,2886.0,805.0,1.1666666666666667,18-25,Yes,0.5971155663664164,Low
26,Yes,2,1330,Research & Development,21,3,3,1,Male,37,3,1,2,3,0,2377,19373,1,0,20,4,3,1,1,0,2,1,1,0,0,1,2886.0,-509.0,1.0,26-35,Yes,0.7861580214247263,High
33,Yes,2,1017,Research & Development,25,3,3,1,Male,55,2,1,6,2,2,2313,2993,4,1,20,4,2,0,5,0,3,2,2,2,2,2,2887.5,-574.5,0.6666666666666666,26-35,Yes,0.8015255903892377,High
42,No,2,469,Research & Development,2,2,3,4,Male,35,3,4,3,1,1,17665,14399,0,0,17,3,4,1,23,3,3,22,6,13,7,22,17454.5,210.5,1.5714285714285714,36-45,No,0.009259753810574353,Low
28,Yes,1,1009,Research & Development,1,3,3,1,Male,45,2,1,2,2,0,2596,7160,1,0,15,3,1,2,1,2,3,1,0,0,0,1,2886.0,-290.0,1.0,26-35,Yes,0.7263301413552778,High
50,Yes,1,959,Sales,1,4,4,4,Male,81,3,2,7,3,2,4728,17251,3,1,14,3,4,0,5,4,3,0,0,0,0,0,6231.0,-1503.0,0.0,46-60,No,0.219102240313747,Low
33,No,1,970,Sales,7,3,1,4,Female,30,3,2,7,2,1,4302,13401,0,0,17,3,3,1,4,3,3,3,2,0,2,3,6231.0,-1929.0,3.0,26-35,No,0.0339550792479001,Low
34,No,0,697,Research & Development,3,4,1,3,Male,40,2,1,6,4,1,2979,22478,3,0,17,3,4,3,6,2,3,0,0,0,0,0,2887.5,91.5,0.0,26-35,No,0.05084112145409077,Low
48,No,0,1262,Research & Development,1,4,3,1,Male,35,4,4,3,4,2,16885,16154,2,0,22,4,3,0,27,3,2,5,4,2,1,5,17454.5,-569.5,1.6666666666666667,46-60,No,0.028806360714099265,Low
45,No,0,1050,Sales,9,4,1,2,Female,65,2,2,7,3,1,5593,17970,1,0,13,3,4,1,15,2,3,15,10,4,12,15,6231.0,-638.0,3.0,36-45,No,0.021088620081773066,Low
52,No,2,994,Research & Development,7,4,1,2,Male,87,3,3,0,2,2,10445,15322,7,0,19,3,4,0,18,4,3,8,6,4,0,8,6811.0,3634.0,1.6,46-60,No,0.03800830461340893,Low
38,No,2,770,Sales,10,4,2,3,Male,73,2,3,7,3,0,8740,5569,0,1,14,3,2,2,9,2,3,8,7,2,7,8,6231.0,2509.0,2.6666666666666665,36-45,No,0.04884221425283397,Low
29,No,2,1107,Research & Development,28,4,1,3,Female,93,3,1,6,4,0,2514,26968,4,0,22,4,1,1,11,1,3,7,5,1,7,7,2887.5,-373.5,3.5,26-35,No,0.07768294078797719,Low
28,No,2,950,Research & Development,3,3,3,4,Female,93,3,3,4,2,0,7655,8039,0,0,17,3,2,3,10,3,2,9,7,1,7,9,6447.0,1208.0,4.5,26-35,No,0.021953498257764752,Low
46,No,2,406,Sales,3,1,2,1,Male,52,3,4,3,3,1,17465,15596,3,0,12,3,4,1,23,3,3,12,9,4,9,12,17454.5,10.5,2.4,46-60,No,0.02266347170483556,Low
38,No,2,130,Sales,2,2,2,4,Male,32,3,3,7,2,2,7351,20619,7,0,16,3,3,0,10,2,3,1,0,0,0,1,6231.0,1120.0,1.0,36-45,No,0.08342835504553864,Low
43,No,1,1082,Research & Development,27,3,1,3,Female,83,3,3,4,1,1,10820,11535,8,0,11,3,3,1,18,1,3,8,7,0,1,8,6447.0,4373.0,8.0,36-45,No,0.04413922920093334,Low
39,Yes,1,203,Research & Development,2,3,1,1,Male,84,3,4,0,4,0,12169,13547,7,0,11,3,4,3,21,4,3,18,7,11,5,18,6811.0,5358.0,1.5,36-45,Yes,0.5696772314103692,Low
40,No,2,1308,Research & Development,14,3,3,3,Male,44,2,5,5,3,2,19626,17544,1,0,14,3,1,0,21,2,4,20,7,4,9,20,16510.0,3116.0,4.0,36-45,No,0.023708733386419083,Low
21,No,2,984,Research & Development,1,1,5,4,Female,70,2,1,6,2,2,2070,25326,1,1,11,3,3,0,2,6,4,2,2,2,2,2,2887.5,-817.5,0.6666666666666666,18-25,No,0.19274600157595248,Low
39,No,0,439,Research & Development,9,3,1,3,Male,70,3,2,2,2,2,6782,8770,9,0,15,3,3,0,9,2,2,5,4,0,3,5,2886.0,3896.0,5.0,36-45,No,0.09742534081671493,Low
36,No,0,217,Research & Development,18,4,1,1,Male,78,3,2,4,4,2,7779,23238,2,0,20,4,1,0,18,0,3,11,9,0,9,11,6447.0,1332.0,11.0,36-45,No,0.04918817511752217,Low
31,No,1,793,Sales,20,3,1,3,Male,67,4,1,8,4,1,2791,21981,0,0,12,3,1,1,3,4,3,2,2,2,2,2,2579.0,212.0,0.6666666666666666,26-35,No,0.16500334495716654,Low
28,No,2,1451,Research & Development,2,1,1,1,Male,67,2,1,6,2,1,3201,19911,0,0,17,3,1,0,6,2,1,5,3,0,4,5,2887.5,313.5,5.0,26-35,No,0.1503475127585145,Low
35,No,1,1182,Sales,11,2,2,4,Male,54,3,2,7,4,0,4968,18500,1,0,11,3,4,1,5,3,3,5,2,0,2,5,6231.0,-1263.0,5.0,26-35,No,0.018855353873965745,Low
49,No,2,174,Sales,8,4,5,4,Male,56,2,4,7,2,1,13120,11879,6,0,17,3,2,1,22,3,3,9,8,2,3,9,6231.0,6889.0,3.0,46-60,No,0.1399465550635548,Low
34,No,1,1003,Research & Development,2,2,1,4,Male,95,3,2,4,3,2,4033,15834,2,0,11,3,4,0,5,3,2,3,2,0,2,3,6447.0,-2414.0,3.0,26-35,No,0.03952929177268935,Low
29,No,1,490,Research & Development,10,3,1,4,Female,61,3,1,6,2,0,3291,17940,0,0,14,3,4,2,8,2,2,7,5,1,1,7,2887.5,403.5,3.5,26-35,No,0.031615166063053694,Low
42,No,2,188,Research & Development,29,3,3,2,Male,56,1,2,2,4,2,4272,9558,4,0,19,3,1,0,16,3,3,1,0,0,0,1,2886.0,1386.0,1.0,36-45,No,0.2915412213801162,Low
29,No,2,718,Research & Development,8,1,3,2,Male,79,2,2,4,4,1,5056,17689,1,1,15,3,3,1,10,2,2,10,7,1,2,10,6447.0,-1391.0,5.0,26-35,No,0.05119679691766467,Low
38,No,2,433,Human Resources,1,3,0,3,Male,37,4,1,1,3,1,2844,6004,1,0,13,3,4,1,7,2,4,7,6,5,0,7,3093.0,-249.0,1.1666666666666667,36-45,No,0.051153027631086305,Low
28,No,1,773,Research & Development,6,3,1,3,Male,39,2,1,6,3,0,2703,22088,1,1,14,3,4,1,3,2,3,3,1,0,2,3,2887.5,-184.5,3.0,26-35,No,0.10852904141398657,Low
18,Yes,0,247,Research & Development,8,1,3,3,Male,80,3,1,2,3,2,1904,13556,1,0,12,3,4,0,0,0,3,0,0,0,0,0,2886.0,-982.0,0.0,,Yes,0.8011644174538912,High
33,Yes,2,603,Sales,9,4,2,1,Female,77,3,2,7,1,2,8224,18385,0,1,17,3,1,0,6,3,3,5,2,0,3,5,6231.0,1993.0,5.0,26-35,No,0.24987304813982297,Low
41,No,2,167,Research & Development,12,4,1,2,Male,46,3,1,2,4,1,4766,9051,3,1,11,3,1,1,6,4,3,1,0,0,0,1,2886.0,1880.0,1.0,36-45,No,0.10031712051923185,Low
31,Yes,1,874,Research & Development,15,3,3,3,Male,72,3,1,2,3,1,2610,6233,1,0,12,3,3,1,2,5,2,2,2,2,2,2,2886.0,-276.0,0.6666666666666666,26-35,No,0.4811403308994002,Low
37,No,2,367,Research & Development,25,2,3,3,Female,52,2,2,0,4,0,5731,17171,7,0,13,3,3,2,9,2,3,6,2,1,3,6,6811.0,-1080.0,3.0,36-45,No,0.03336454955713554,Low
27,No,2,199,Research & Development,6,3,1,4,Male,55,2,1,6,3,1,2539,7950,1,0,13,3,3,1,4,0,3,4,2,2,2,4,2887.5,-348.5,1.3333333333333333,26-35,No,0.022139749410073208,Low
34,No,2,1400,Sales,9,1,1,2,Female,70,3,2,7,3,1,5714,5829,1,0,20,4,1,0,6,3,2,6,5,1,3,6,6231.0,-517.0,3.0,26-35,No,0.04168065103836764,Low
35,No,2,528,Human Resources,8,4,5,3,Male,100,3,1,1,3,2,4323,7108,1,0,17,3,2,0,6,2,1,5,4,1,4,5,3093.0,1230.0,2.5,26-35,No,0.09193641164373617,Low
29,Yes,2,408,Sales,23,1,1,4,Female,45,2,3,7,1,1,7336,11162,1,0,13,3,1,1,11,3,1,11,8,3,10,11,6231.0,1105.0,2.75,26-35,No,0.4868313842585718,Low
40,No,1,593,Research & Development,9,4,3,2,Female,88,3,3,5,3,2,13499,13782,9,0,17,3,3,0,20,3,2,18,7,2,13,18,16510.0,-3011.0,6.0,36-45,No,0.03518508194373198,Low
42,Yes,1,481,Sales,12,3,1,3,Male,44,3,4,7,1,2,13758,2447,0,1,12,3,2,0,22,2,2,21,9,13,14,21,6231.0,7527.0,1.5,36-45,Yes,0.6728631941284461,High
42,No,2,647,Sales,4,4,2,2,Male,45,3,2,7,1,2,5155,2253,7,0,13,3,4,0,9,3,4,6,4,1,5,6,6231.0,-1076.0,3.0,36-45,No,0.09299911355004674,Low
35,No,2,982,Research & Development,1,4,3,4,Male,58,2,1,2,3,1,2258,16340,6,0,12,3,2,1,10,2,3,8,0,1,7,8,2886.0,-628.0,4.0,26-35,No,0.06383857159266755,Low
24,No,2,477,Research & Development,24,3,3,4,Male,49,3,1,2,2,2,3597,6409,8,0,22,4,4,0,6,2,3,4,3,1,2,4,2886.0,711.0,2.0,18-25,No,0.29231408042219403,Low
28,Yes,2,1485,Research & Development,12,1,1,3,Female,79,3,1,2,4,1,2515,22955,1,1,11,3,4,0,1,4,2,1,1,0,0,1,2886.0,-371.0,1.0,26-35,Yes,0.7614607615795511,High
26,No,2,1384,Research & Development,3,4,3,1,Male,82,4,1,2,4,1,4420,13421,1,0,22,4,2,1,8,2,3,8,7,0,7,8,2886.0,1534.0,8.0,26-35,No,0.12123976409930047,Low
30,No,2,852,Sales,10,3,2,3,Male,72,2,2,7,3,1,6578,2706,1,0,18,3,1,1,10,3,3,10,3,1,4,10,6231.0,347.0,5.0,26-35,No,0.03513414464436924,Low
40,No,1,902,Research & Development,26,2,3,3,Female,92,2,2,6,4,1,4422,21203,3,1,13,3,4,1,16,3,1,1,1,0,0,1,2887.5,1534.5,1.0,36-45,No,0.11432094713455851,Low
35,No,2,819,Research & Development,2,3,1,3,Male,44,2,3,4,2,0,10274,19588,2,0,18,3,2,1,15,2,4,7,7,6,4,7,6447.0,3827.0,1.0,26-35,No,0.05726611914771624,Low
34,No,1,669,Research & Development,1,3,3,4,Male,97,2,2,0,1,2,5343,25755,0,0,20,4,3,0,14,3,3,13,9,4,9,13,6811.0,-1468.0,2.6,26-35,No,0.025970256906440795,Low
35,No,1,636,Research & Development,4,4,4,4,Male,47,2,1,2,4,1,2376,26537,1,0,13,3,2,1,2,2,4,2,2,2,2,2,2886.0,-510.0,0.6666666666666666,26-35,No,0.11392446292452645,Low
43,Yes,2,1372,Sales,9,3,2,1,Female,85,1,2,7,3,2,5346,9489,8,0,13,3,2,0,7,2,2,4,3,1,3,4,6231.0,-885.0,2.0,36-45,Yes,0.6209141099022717,High
32,No,0,862,Sales,2,1,1,3,Female,76,3,1,8,1,0,2827,14947,1,0,12,3,3,3,1,3,3,1,0,0,0,1,2579.0,248.0,1.0,26-35,No,0.2818305617065135,Low
56,No,2,718,Research & Development,4,4,5,4,Female,92,3,5,3,1,0,19943,18575,4,0,13,3,4,1,28,2,3,5,2,4,2,5,17454.5,2488.5,1.0,46-60,No,0.08603887236217923,Low
29,No,2,1401,Research & Development,6,1,3,2,Female,54,3,1,2,4,1,3131,26342,1,0,13,3,1,1,10,5,3,10,8,0,8,10,2886.0,245.0,10.0,26-35,No,0.04925675208793839,Low
19,No,2,645,Research & Development,9,2,1,3,Male,54,3,1,6,1,2,2552,7172,1,0,25,4,3,0,1,4,3,1,1,0,0,1,2887.5,-335.5,1.0,18-25,No,0.22171250031278855,Low
45,No,2,1457,Research & Development,7,3,3,1,Female,83,3,1,6,3,1,4477,20100,4,1,19,3,3,1,7,2,2,3,2,0,2,3,2887.5,1589.5,3.0,36-45,No,0.10577971888943012,Low
37,No,2,977,Research & Development,1,3,1,4,Female,56,2,2,4,4,1,6474,9961,1,0,13,3,2,1,14,2,2,14,8,3,11,14,6447.0,27.0,3.5,36-45,No,0.007362571429432936,Low
20,No,2,805,Research & Development,3,3,1,1,Male,87,2,1,2,3,2,3033,12828,1,0,12,3,1,0,2,2,2,2,2,1,2,2,2886.0,147.0,1.0,18-25,No,0.17320879824064947,Low
44,Yes,2,1097,Research & Development,10,4,1,3,Male,96,3,1,6,3,2,2936,10826,1,1,11,3,3,0,6,4,3,6,4,0,2,6,2887.5,48.5,6.0,36-45,No,0.47419234883254263,Low
53,No,2,1223,Research & Development,7,2,3,4,Female,50,3,5,3,3,0,18606,18640,3,0,18,3,2,1,26,6,3,7,7,4,7,7,17454.5,1151.5,1.4,46-60,No,0.018298095171171744,Low
29,No,2,942,Research & Development,15,1,1,2,Female,69,1,1,6,4,1,2168,26933,0,1,18,3,1,1,6,2,2,5,4,1,3,5,2887.5,-719.5,2.5,26-35,No,0.15303513283042774,Low
22,Yes,1,1256,Research & Development,3,4,1,3,Male,48,2,1,6,4,1,2853,4223,0,1,11,3,2,1,1,5,3,0,0,0,0,0,2887.5,-34.5,0.0,18-25,No,0.40773000642580554,Low
46,No,2,1402,Sales,2,3,2,3,Female,69,3,4,3,1,1,17048,24097,8,0,23,4,1,0,28,2,3,26,15,15,9,26,17454.5,-406.5,1.625,46-60,No,0.04572821488074758,Low
44,No,0,111,Research & Development,17,3,1,4,Male,74,1,1,6,3,2,2290,4279,2,0,13,3,4,0,6,3,3,0,0,0,0,0,2887.5,-597.5,0.0,36-45,No,0.16961375520650623,Low
33,No,2,147,Human Resources,2,3,0,2,Male,99,3,1,1,3,1,3600,8429,1,0,13,3,4,1,5,2,3,5,4,1,4,5,3093.0,507.0,2.5,26-35,No,0.03917226479165162,Low
41,Yes,0,906,Research & Development,5,2,1,1,Male,95,2,1,6,1,0,2107,20293,6,0,17,3,1,1,5,2,1,1,0,0,0,1,2887.5,-780.5,1.0,36-45,No,0.33812147474710924,Low
30,No,2,1329,Sales,29,4,1,3,Male,61,3,2,7,1,0,4115,13192,8,0,19,3,3,3,8,3,3,4,3,0,3,4,6231.0,-2116.0,4.0,26-35,No,0.10584218853400527,Low
40,No,1,1184,Sales,2,4,3,2,Male,62,3,2,7,2,1,4327,25440,5,0,12,3,4,3,5,2,3,0,0,0,0,0,6231.0,-1904.0,0.0,36-45,No,0.048384942953372,Low
50,No,1,1421,Research & Development,2,3,3,4,Female,30,3,4,3,1,1,17856,9490,2,0,22,4,3,1,32,3,3,2,2,2,2,2,17454.5,401.5,0.6666666666666666,46-60,No,0.04702145210779003,Low
28,No,2,1179,Research & Development,19,4,3,4,Male,78,2,1,2,1,1,3196,12449,1,0,12,3,3,3,6,2,3,6,5,3,3,6,2886.0,310.0,1.5,26-35,No,0.029155382617182753,Low
46,No,2,1450,Research & Development,15,2,1,4,Male,52,3,5,5,2,1,19081,10849,5,0,11,3,1,1,25,2,3,4,2,0,3,4,16510.0,2571.0,4.0,46-60,No,0.038442065827663914,Low
35,No,2,1361,Sales,17,4,1,3,Male,94,3,2,7,1,1,8966,21026,3,1,15,3,4,3,15,2,3,7,7,1,7,7,6231.0,2735.0,3.5,26-35,No,0.055054635567435936,Low
24,Yes,2,984,Research & Development,17,2,1,4,Female,97,3,1,2,2,1,2210,3372,1,0,13,3,1,1,1,3,1,1,0,0,0,1,2886.0,-676.0,1.0,18-25,Yes,0.7891805408745252,High
33,No,1,1146,Sales,25,3,3,2,Female,82,3,2,7,3,1,4539,4905,1,0,12,3,1,1,10,3,2,10,7,0,1,10,6231.0,-1692.0,10.0,26-35,No,0.04447199814713559,Low
36,No,2,917,Research & Development,6,4,1,3,Male,60,1,1,2,3,0,2741,6865,1,0,14,3,3,1,7,4,3,7,7,1,7,7,2886.0,-145.0,3.5,36-45,No,0.07100166570774157,Low
30,No,2,853,Research & Development,7,4,1,3,Male,49,3,2,2,3,0,3491,11309,1,0,13,3,1,3,10,4,2,10,7,8,9,10,2886.0,605.0,1.1111111111111112,26-35,No,0.1081566847128055,Low
44,No,2,200,Research & Development,29,4,4,4,Male,32,3,2,6,4,2,4541,7744,1,0,25,4,2,0,20,3,3,20,11,13,17,20,2887.5,1653.5,1.4285714285714286,36-45,No,0.09706852671811986,Low
20,No,2,654,Sales,21,3,2,3,Male,43,4,1,8,4,2,2678,5050,1,0,17,3,4,0,2,2,3,2,1,2,2,2,2579.0,99.0,0.6666666666666666,18-25,No,0.142827861485208,Low
46,No,2,150,Research & Development,2,4,5,4,Male,60,3,2,4,4,0,7379,17433,2,0,11,3,3,1,12,3,2,6,3,1,4,6,6447.0,932.0,3.0,46-60,No,0.025583013311423933,Low
42,No,0,179,Human Resources,2,5,3,4,Male,79,4,2,1,1,1,6272,12858,7,0,16,3,1,1,10,3,4,4,3,0,3,4,3093.0,3179.0,4.0,36-45,No,0.10567574619958892,Low
60,No,2,696,Sales,7,4,2,2,Male,52,4,2,7,4,0,5220,10893,0,1,18,3,2,1,12,3,3,11,7,1,9,11,6231.0,-1011.0,5.5,46-60,No,0.046492728859600006,Low
32,No,1,116,Research & Development,13,3,4,3,Female,77,2,1,2,2,1,2743,7331,1,0,20,4,3,1,2,2,3,2,2,2,2,2,2886.0,-143.0,0.6666666666666666,26-35,No,0.15837196327728065,Low
32,No,1,1316,Research & Development,2,2,1,4,Female,38,3,2,6,3,2,4998,2338,4,1,14,3,4,0,10,2,3,8,7,0,7,8,2887.5,2110.5,8.0,26-35,No,0.047499622791994885,Low
36,No,2,363,Research & Development,1,3,5,3,Female,77,1,3,4,1,0,10252,4235,2,1,21,4,3,1,17,2,3,7,7,7,7,7,6447.0,3805.0,0.875,36-45,No,0.05864901154686251,Low
33,No,2,117,Research & Development,9,3,3,1,Male,60,3,1,6,4,1,2781,6311,0,0,13,3,2,1,15,5,3,14,10,4,10,14,2887.5,-106.5,2.8,26-35,No,0.040824232877629985,Low
40,No,2,107,Sales,10,3,5,2,Female,84,2,2,7,2,0,6852,11591,7,0,12,3,2,1,7,2,4,5,1,1,3,5,6231.0,621.0,2.5,36-45,No,0.09720225335593125,Low
25,No,2,1356,Sales,10,4,1,3,Male,57,3,2,7,4,2,4950,20623,0,0,14,3,2,0,5,4,3,4,3,1,1,4,6231.0,-1281.0,2.0,18-25,No,0.04878630324652386,Low
30,No,2,1465,Research & Development,1,3,3,4,Male,63,3,1,6,2,1,3579,9369,0,1,21,4,1,1,12,2,3,11,9,5,7,11,2887.5,691.5,1.8333333333333333,26-35,No,0.07084090980150426,Low
42,No,1,458,Research & Development,26,5,3,1,Female,60,3,3,5,1,1,13191,23281,3,1,17,3,3,0,20,6,3,1,0,0,0,1,16510.0,-3319.0,1.0,36-45,No,0.10337056134752895,Low
35,No,0,1212,Sales,8,2,2,3,Female,78,2,3,7,4,1,10377,13755,4,1,11,3,2,1,16,6,2,13,2,4,12,13,6231.0,4146.0,2.6,26-35,No,0.09802807421979312,Low
27,No,2,1103,Research & Development,14,3,1,1,Male,42,3,1,6,1,1,2235,14377,1,1,14,3,4,2,9,3,2,9,7,6,8,9,2887.5,-652.5,1.2857142857142858,26-35,No,0.12441268056442255,Low
54,No,1,966,Research & Development,1,4,1,4,Female,53,3,3,4,3,0,10502,9659,7,0,17,3,1,1,33,2,1,5,4,1,4,5,6447.0,4055.0,2.5,46-60,No,0.036846892761939365,Low
44,No,2,1117,Research & Development,2,1,1,1,Female,72,4,1,6,4,1,2011,19982,1,0,13,3,4,1,10,5,3,10,5,7,7,10,2887.5,-876.5,1.25,36-45,No,0.11435971239344535,Low
19,Yes,0,504,Research & Development,10,3,3,1,Female,96,2,1,6,2,2,1859,6148,1,1,25,4,2,0,1,2,4,1,1,0,0,1,2887.5,-1028.5,1.0,18-25,Yes,0.8836666666666667,High
29,No,2,1010,Research & Development,1,3,1,1,Female,97,3,1,6,4,0,3760,5598,1,0,15,3,1,3,3,5,3,3,2,1,2,3,2887.5,872.5,1.5,26-35,No,0.056986800720619755,Low
54,No,2,685,Research & Development,3,3,1,4,Male,85,3,4,5,4,1,17779,23474,3,0,14,3,1,0,36,2,3,10,9,0,9,10,16510.0,1269.0,10.0,46-60,No,0.020786012853421996,Low
31,No,2,1332,Research & Development,11,2,3,3,Male,80,3,2,0,1,1,6833,17089,1,1,12,3,4,0,6,2,2,6,5,0,1,6,6811.0,22.0,6.0,26-35,No,0.030351876407773044,Low
31,No,2,1062,Research & Development,24,3,3,3,Female,96,2,2,0,1,2,6812,17198,1,0,19,3,2,0,10,2,3,10,9,1,8,10,6811.0,1.0,5.0,26-35,No,0.031494318381841295,Low
59,No,2,326,Sales,3,3,1,3,Female,48,2,2,7,4,2,5171,16490,5,0,17,3,4,0,13,2,3,6,1,0,5,6,6231.0,-1060.0,6.0,46-60,No,0.13267351202293512,Low
43,No,2,920,Research & Development,3,3,1,3,Male,96,1,5,5,4,1,19740,18625,3,0,14,3,2,1,25,2,3,8,7,0,7,8,16510.0,3230.0,8.0,36-45,No,0.06699346601188415,Low
49,No,2,1098,Research & Development,4,2,3,1,Male,85,2,5,3,3,1,18711,12124,2,0,13,3,3,1,23,2,4,1,0,0,0,1,17454.5,1256.5,1.0,46-60,No,0.05460123286715412,Low
36,No,1,469,Research & Development,3,3,5,3,Male,46,3,1,6,2,1,3692,9256,1,0,12,3,3,0,12,2,2,11,10,0,7,11,2887.5,804.5,11.0,36-45,No,0.02995880018392138,Low
48,No,2,969,Research & Development,2,2,5,4,Male,76,4,1,2,2,2,2559,16620,5,0,11,3,3,0,7,4,2,1,0,0,0,1,2886.0,-327.0,1.0,46-60,No,0.22386167190232376,Low
27,No,2,1167,Research & Development,4,2,1,1,Male,76,3,1,6,3,0,2517,3208,1,0,11,3,2,3,5,2,3,5,3,0,3,5,2887.5,-370.5,5.0,26-35,No,0.04148746312526197,Low
29,No,2,1329,Research & Development,7,3,1,3,Male,82,3,2,0,4,0,6623,4204,1,1,11,3,2,2,6,2,3,6,0,1,0,6,6811.0,-188.0,3.0,26-35,No,0.03605134648075023,Low
48,No,2,715,Research & Development,1,3,1,4,Male,76,2,5,5,4,2,18265,8733,6,0,12,3,3,0,25,3,4,1,0,0,0,1,16510.0,1755.0,1.0,46-60,No,0.04412025027883123,Low
29,No,2,694,Research & Development,1,3,1,4,Female,87,2,4,5,4,0,16124,3423,3,0,14,3,2,2,9,2,2,7,7,1,7,7,16510.0,-386.0,3.5,26-35,No,0.013033096160845888,Low
34,No,2,1320,Research & Development,20,3,5,3,Female,89,4,1,6,3,1,2585,21643,0,0,17,3,4,0,2,5,2,1,0,0,0,1,2887.5,-302.5,1.0,26-35,No,0.15177371946631066,Low
44,No,2,1099,Sales,5,3,2,2,Male,88,3,5,3,2,1,18213,8751,7,0,11,3,3,1,26,5,3,22,9,3,10,22,17454.5,758.5,5.5,36-45,No,0.025459634111307507,Low
33,No,2,536,Sales,10,5,2,4,Male,82,4,3,7,3,0,8380,21708,0,1,14,3,4,2,10,3,3,9,8,0,8,9,6231.0,2149.0,9.0,26-35,No,0.03746114478622068,Low
19,No,2,265,Research & Development,25,3,1,2,Female,57,4,1,6,4,2,2994,21221,1,1,12,3,4,0,1,2,3,1,0,0,1,1,2887.5,106.5,1.0,18-25,No,0.34351590811152427,Low
23,No,2,373,Research & Development,1,2,1,4,Male,47,3,1,6,3,1,1223,16901,1,0,22,4,4,1,1,2,3,1,0,0,1,1,2887.5,-1664.5,1.0,18-25,No,0.1585383658631741,Low
25,Yes,1,599,Sales,24,1,1,3,Male,73,1,1,8,4,2,1118,8040,1,1,14,3,4,0,1,4,3,1,0,1,0,1,2579.0,-1461.0,0.5,18-25,Yes,0.813843567251462,High
26,No,2,583,Research & Development,4,2,1,3,Male,53,3,1,6,4,2,2875,9973,1,1,20,4,2,0,8,2,2,8,5,2,2,8,2887.5,-12.5,2.6666666666666665,26-35,No,0.125915143873857,Low
45,Yes,2,1449,Sales,2,3,2,1,Female,94,1,5,3,2,2,18824,2493,2,1,16,3,1,0,26,2,3,24,10,1,11,24,17454.5,1369.5,12.0,36-45,Yes,0.6156915002263218,High
55,No,0,177,Research & Development,8,1,3,4,Male,37,2,4,0,2,0,13577,25592,1,1,15,3,4,1,34,3,3,33,9,15,0,33,6811.0,6766.0,2.0625,46-60,No,0.06848464254321238,Low
21,Yes,1,251,Research & Development,10,2,1,1,Female,45,2,1,2,3,2,2625,25308,1,0,20,4,3,0,2,2,1,2,2,2,2,2,2886.0,-261.0,0.6666666666666666,18-25,Yes,0.6890254858664624,High
46,No,2,168,Sales,4,2,2,4,Female,33,2,5,3,2,1,18789,9946,2,0,14,3,3,1,26,2,3,11,4,0,8,11,17454.5,1334.5,11.0,46-60,No,0.02977163494647772,Low
34,No,2,131,Sales,2,3,2,3,Female,86,3,2,7,1,2,4538,6039,0,1,12,3,4,0,4,3,3,3,2,0,2,3,6231.0,-1693.0,3.0,26-35,No,0.07283959808992496,Low
51,No,1,237,Sales,9,3,1,4,Male,83,3,5,3,2,0,19847,19196,4,1,24,4,1,1,31,5,2,29,10,11,10,29,17454.5,2392.5,2.4166666666666665,46-60,No,0.06599673937062868,Low
59,No,2,1429,Research & Development,18,4,3,4,Male,67,3,3,4,4,2,10512,20002,6,0,12,3,4,0,25,6,2,9,7,5,4,9,6447.0,4065.0,1.5,46-60,No,0.12477492465948117,Low
34,No,1,135,Research & Development,19,3,3,3,Female,46,3,2,2,2,0,4444,22534,4,0,13,3,3,2,15,2,4,11,8,5,10,11,2886.0,1558.0,1.8333333333333333,26-35,No,0.03826929808440759,Low
28,No,1,791,Research & Development,1,4,3,4,Male,44,3,1,2,3,2,2154,6842,0,1,11,3,3,0,5,2,2,4,2,0,2,4,2886.0,-732.0,4.0,26-35,No,0.16983872958378365,Low
44,No,2,1199,Research & Development,4,2,1,3,Male,92,4,5,3,1,0,19190,17477,1,0,14,3,4,2,26,4,2,25,9,14,13,25,17454.5,1735.5,1.6666666666666667,36-45,No,0.023134719534584902,Low
34,No,1,648,Human Resources,11,3,1,3,Male,56,2,2,1,2,1,4490,21833,4,0,11,3,4,2,14,5,4,10,9,1,8,10,3093.0,1397.0,5.0,26-35,No,0.033246059947389155,Low
35,No,2,735,Research & Development,6,1,1,3,Male,66,3,1,6,3,1,3506,6020,0,1,14,3,4,0,4,3,3,3,2,2,2,3,2887.5,618.5,1.0,26-35,No,0.06965424764774153,Low
42,No,2,603,Research & Development,7,4,3,2,Female,78,4,2,6,2,1,2372,5628,6,1,16,3,4,0,18,2,3,1,0,0,0,1,2887.5,-515.5,1.0,36-45,No,0.12448258502214576,Low
43,No,2,531,Sales,4,4,2,4,Female,56,2,3,7,4,2,10231,20364,3,0,14,3,4,0,23,3,4,21,7,15,17,21,6231.0,4000.0,1.3125,36-45,No,0.11689781878990042,Low
36,No,2,429,Research & Development,2,4,1,3,Female,53,3,2,4,2,2,5410,2323,9,1,11,3,4,0,18,2,3,16,14,5,12,16,6447.0,-1037.0,2.6666666666666665,36-45,No,0.08123283085476041,Low
44,Yes,2,621,Research & Development,15,3,3,1,Female,73,3,3,0,4,1,7978,14075,1,0,11,3,4,1,10,2,3,10,7,0,5,10,6811.0,1167.0,10.0,36-45,No,0.3431905516052785,Low
28,No,1,193,Research & Development,2,3,1,4,Male,52,2,1,2,4,1,3867,14222,1,1,12,3,2,1,2,2,3,2,2,2,2,2,2886.0,981.0,0.6666666666666666,26-35,No,0.35980253918479244,Low
51,No,1,968,Research & Development,6,2,3,2,Female,40,2,1,2,3,2,2838,4257,0,0,14,3,2,0,8,6,2,7,0,7,7,7,2886.0,-48.0,0.875,46-60,No,0.1546102201657178,Low
30,No,0,879,Research & Development,9,2,3,3,Female,72,3,2,4,3,2,4695,12858,7,1,18,3,3,0,10,3,3,8,4,1,7,8,6447.0,-1752.0,4.0,26-35,No,0.06160200816038773,Low
29,Yes,2,806,Research & Development,7,3,5,2,Female,39,3,1,2,3,0,3339,17285,3,1,13,3,1,2,10,2,3,7,7,7,7,7,2886.0,453.0,0.875,26-35,Yes,0.5743183388163834,Low
28,No,2,640,Research & Development,1,3,5,4,Male,84,3,1,6,1,2,2080,4732,2,0,11,3,2,0,5,2,2,3,2,1,2,3,2887.5,-807.5,1.5,26-35,No,0.08525439193752281,Low
25,No,2,266,Research & Development,1,3,3,4,Female,40,3,1,6,2,2,2096,18830,1,0,18,3,4,0,2,3,2,2,2,2,1,2,2887.5,-791.5,0.6666666666666666,18-25,No,0.25263911371886505,Low
32,No,2,604,Sales,8,3,3,3,Male,56,4,2,7,4,1,6209,11693,1,0,15,3,3,2,10,4,4,10,7,0,8,10,6231.0,-22.0,10.0,26-35,No,0.017525868667795718,Low
45,No,1,364,Research & Development,25,3,3,2,Female,83,3,5,3,2,2,18061,13035,3,0,22,4,3,0,22,4,3,0,0,0,0,0,17454.5,606.5,0.0,36-45,No,0.05802600976065075,Low
39,No,2,412,Research & Development,13,4,3,3,Female,94,2,4,3,2,0,17123,17334,6,1,13,3,4,2,21,4,3,19,9,15,2,19,17454.5,-331.5,1.1875,36-45,No,0.027903283937892754,Low
58,No,2,848,Research & Development,23,4,1,1,Male,88,3,1,6,3,0,2372,26076,1,0,12,3,4,2,2,3,3,2,2,2,2,2,2887.5,-515.5,0.6666666666666666,46-60,No,0.09520612540026585,Low
32,Yes,2,1089,Research & Development,7,2,1,4,Male,79,3,2,2,3,1,4883,22845,1,0,18,3,1,1,10,3,3,10,4,1,1,10,2886.0,1997.0,5.0,26-35,No,0.3342969405530388,Low
39,Yes,2,360,Research & Development,23,3,3,3,Male,93,3,1,6,1,2,3904,22154,0,0,13,3,1,0,6,2,3,5,2,0,3,5,2887.5,1016.5,5.0,36-45,No,0.39435006414129026,Low
30,No,2,1138,Research & Development,6,3,5,1,Female,48,2,2,2,4,1,4627,23631,0,0,12,3,1,1,10,6,3,9,2,6,7,9,2886.0,1741.0,1.2857142857142858,26-35,No,0.07079281367040059,Low
36,No,2,325,Research & Development,10,4,5,4,Female,63,3,3,0,3,1,7094,5747,3,0,12,3,1,0,10,0,3,7,7,1,7,7,6811.0,283.0,3.5,36-45,No,0.03274438284766743,Low
46,No,2,991,Human Resources,1,2,1,4,Female,44,3,1,1,1,2,3423,22957,6,0,12,3,3,0,10,3,4,7,6,5,7,7,3093.0,330.0,1.1666666666666667,46-60,No,0.0609350396623974,Low
28,No,0,1476,Research & Development,1,3,1,3,Female,55,1,2,2,4,1,6674,16392,0,0,11,3,1,3,10,6,3,9,8,7,5,9,2886.0,3788.0,1.125,26-35,No,0.10506531823123921,Low
50,No,2,1322,Research & Development,28,3,1,4,Female,43,3,4,5,1,1,16880,22422,4,1,11,3,2,0,25,2,3,3,2,1,2,3,16510.0,370.0,1.5,46-60,No,0.062404711124975615,Low
40,Yes,2,299,Sales,25,4,2,4,Male,57,2,3,7,2,2,9094,17235,2,1,12,3,3,0,9,2,3,5,4,1,0,5,6231.0,2863.0,2.5,36-45,No,0.29987451012102684,Low
52,Yes,2,1030,Sales,5,3,1,2,Male,64,3,3,7,2,2,8446,21534,9,1,19,3,3,0,10,2,2,8,7,7,7,8,6231.0,2215.0,1.0,46-60,Yes,0.6477545926942009,High
30,No,2,634,Research & Development,17,4,3,2,Female,95,3,3,3,1,1,11916,25927,1,1,23,4,4,2,9,2,3,9,1,0,8,9,17454.5,-5538.5,9.0,26-35,No,0.06848996562433575,Low
39,No,2,524,Research & Development,18,2,1,1,Male,32,3,2,4,3,2,4534,13352,0,0,11,3,1,0,9,6,3,8,7,1,7,8,6447.0,-1913.0,4.0,36-45,No,0.03441959132682631,Low
31,No,0,587,Sales,2,4,1,4,Female,57,3,3,7,3,0,9852,8935,1,1,19,3,1,1,10,5,2,10,8,9,6,10,6231.0,3621.0,1.0,26-35,No,0.23472365910820922,Low
41,No,0,256,Sales,10,2,3,3,Male,40,1,2,7,2,2,6151,22074,1,0,13,3,1,0,19,4,3,19,2,11,9,19,6231.0,-80.0,1.5833333333333333,36-45,No,0.11158981015023414,Low
31,Yes,1,1060,Sales,1,3,1,4,Female,54,3,1,8,2,2,2302,8319,1,1,11,3,1,0,3,2,4,3,2,2,2,3,2579.0,-277.0,1.0,26-35,Yes,0.6545116161081163,High
44,Yes,2,935,Research & Development,3,3,1,1,Male,89,3,1,2,1,1,2362,14669,4,0,12,3,3,0,10,4,4,3,2,1,2,3,2886.0,-524.0,1.5,36-45,No,0.15113893290869015,Low
42,No,0,495,Research & Development,2,1,1,3,Male,37,3,4,3,3,1,17861,26582,0,1,13,3,4,0,21,3,2,20,8,2,10,20,17454.5,406.5,6.666666666666667,36-45,No,0.03619377357473457,Low
55,No,2,282,Research & Development,2,2,3,4,Female,58,1,5,3,3,1,19187,6992,4,0,14,3,4,1,23,5,3,19,9,9,11,19,17454.5,1732.5,1.9,46-60,No,0.11371802622265437,Low
56,No,2,206,Human Resources,8,4,1,4,Male,99,3,5,3,2,2,19717,4022,6,0,14,3,1,0,36,4,3,7,3,7,7,7,17454.5,2262.5,0.875,46-60,No,0.16466110150221752,Low
40,No,0,458,Research & Development,16,2,1,3,Male,74,3,1,6,3,0,3544,8532,9,0,16,3,2,1,6,0,3,4,2,0,0,4,2887.5,656.5,4.0,36-45,No,0.043560935976715544,Low
34,No,2,943,Research & Development,9,3,1,4,Male,86,3,3,0,4,0,8500,5494,0,0,11,3,4,1,10,0,2,9,7,1,6,9,6811.0,1689.0,4.5,26-35,No,0.03227298930112789,Low
40,No,2,523,Research & Development,2,3,1,3,Male,98,3,2,6,4,2,4661,22455,1,0,13,3,3,0,9,4,3,9,8,8,8,9,2887.5,1773.5,1.0,36-45,No,0.06964675760143689,Low
41,No,1,1018,Sales,1,3,2,3,Female,66,3,2,7,1,0,4103,4297,0,0,17,3,4,1,10,2,3,9,3,1,7,9,6231.0,-2128.0,4.5,36-45,No,0.016450523524151033,Low
35,No,1,482,Research & Development,4,4,1,3,Male,87,3,2,6,3,2,4249,2690,1,1,11,3,2,0,9,3,3,9,6,1,1,9,2887.5,1361.5,4.5,26-35,No,0.14788038258719147,Low
51,No,2,770,Human Resources,5,3,1,3,Male,84,3,4,3,2,0,14026,17588,1,1,11,3,2,1,33,2,3,33,9,0,10,33,17454.5,-3428.5,33.0,46-60,No,0.024348491145910856,Low
38,No,2,1009,Sales,2,2,1,2,Female,31,3,2,7,1,0,6893,19461,3,0,15,3,4,1,11,3,3,7,7,1,7,7,6231.0,662.0,3.5,36-45,No,0.027470649655190135,Low
34,No,2,507,Sales,15,2,3,3,Female,66,3,2,7,1,2,6125,23553,1,0,12,3,4,0,10,6,4,10,8,9,6,10,6231.0,-106.0,1.0,26-35,No,0.06540349201543826,Low
25,No,2,882,Research & Development,19,1,3,4,Male,67,3,1,2,4,1,3669,9075,3,0,11,3,3,3,7,6,2,3,2,1,2,3,2886.0,783.0,1.5,18-25,No,0.10106644776670425,Low
58,Yes,2,601,Research & Development,7,4,3,3,Female,53,2,3,4,1,1,10008,12023,7,1,14,3,4,0,31,0,2,10,9,5,9,10,6447.0,3561.0,1.6666666666666667,46-60,Yes,0.5354087961696211,Low
40,No,2,329,Research & Development,1,4,1,2,Male,88,3,1,2,2,1,2387,6762,3,0,22,4,3,1,7,3,3,4,2,0,3,4,2886.0,-499.0,4.0,36-45,No,0.08581440260923137,Low
36,No,1,607,Sales,7,3,2,1,Female,83,4,2,7,1,1,4639,2261,2,0,16,3,4,1,17,2,2,15,7,6,13,15,6231.0,-1592.0,2.142857142857143,36-45,No,0.04499258300967654,Low
48,No,2,855,Research & Development,4,3,1,4,Male,54,3,3,4,4,2,7898,18706,1,0,11,3,3,0,11,2,3,10,9,0,8,10,6447.0,1451.0,10.0,46-60,No,0.024595416278226076,Low
27,No,2,1291,Sales,11,3,3,3,Female,98,4,1,8,4,1,2534,6527,8,0,14,3,2,1,5,4,3,1,0,0,0,1,2579.0,-45.0,1.0,26-35,No,0.11987058557614264,Low
51,No,2,1405,Research & Development,11,2,5,4,Female,82,2,4,4,2,2,13142,24439,3,0,16,3,2,0,29,1,2,5,2,0,3,5,6447.0,6695.0,5.0,46-60,No,0.0399956988877713,Low
18,No,0,1124,Research & Development,1,3,1,4,Female,97,3,1,2,4,2,1611,19305,1,0,15,3,3,0,0,5,4,0,0,0,0,0,2886.0,-1275.0,0.0,,No,0.2667304107550009,Low
35,No,2,817,Research & Development,1,3,3,4,Female,60,2,2,2,4,1,5363,10846,0,0,12,3,2,1,10,0,3,9,7,0,0,9,2886.0,2477.0,9.0,26-35,No,0.06130570475492252,Low
27,No,1,793,Sales,2,1,1,4,Male,43,1,2,7,4,2,5071,20392,3,0,20,4,2,0,8,3,3,6,2,0,0,6,6231.0,-1160.0,6.0,26-35,No,0.05851331262801704,Low
55,Yes,2,267,Sales,13,4,2,1,Male,85,4,4,7,3,2,13695,9277,6,1,17,3,3,0,24,2,2,19,7,3,8,19,6231.0,7464.0,4.75,46-60,Yes,0.6320547133559109,High
56,No,2,1369,Research & Development,23,3,1,4,Male,68,3,4,4,2,1,13402,18235,4,1,12,3,1,1,33,0,3,19,16,15,9,19,6447.0,6955.0,1.1875,46-60,No,0.0523389436387726,Low
34,No,0,999,Research & Development,26,1,5,1,Female,92,2,1,6,3,0,2029,15891,1,0,20,4,3,3,5,2,3,5,4,0,0,5,2887.5,-858.5,5.0,26-35,No,0.1017186974497547,Low
40,No,2,1202,Research & Development,2,1,3,2,Female,89,4,2,0,3,0,6377,13888,5,0,20,4,2,3,15,0,3,12,11,11,8,12,6811.0,-434.0,1.0,36-45,No,0.08455411569616884,Low
34,No,2,285,Research & Development,29,3,3,2,Male,86,3,2,2,3,1,5429,17491,4,0,13,3,1,2,10,1,3,8,7,7,7,8,2886.0,2543.0,1.0,26-35,No,0.08477470346362417,Low
31,Yes,1,703,Sales,2,3,1,3,Female,90,2,1,8,4,2,2785,11882,7,0,14,3,3,0,3,3,4,1,0,0,0,1,2579.0,206.0,1.0,26-35,Yes,0.7253938624474952,High
35,Yes,1,662,Sales,18,4,2,4,Female,67,3,2,7,3,1,4614,23288,0,1,18,3,3,1,5,0,2,4,2,3,2,4,6231.0,-1617.0,1.0,26-35,Yes,0.5489850468999754,Low
38,No,1,693,Research & Development,7,3,1,4,Male,57,4,1,6,3,0,2610,15748,1,0,11,3,4,3,4,2,3,4,2,0,3,4,2887.5,-277.5,4.0,36-45,No,0.02513865069749269,Low
34,No,2,404,Research & Development,2,4,5,3,Female,98,3,2,0,4,2,6687,6163,1,0,11,3,4,0,14,2,4,14,11,4,11,14,6811.0,-124.0,2.8,26-35,No,0.023686887482755672,Low
28,No,2,736,Sales,26,3,1,3,Male,48,2,2,7,1,1,4724,24232,1,0,11,3,3,1,5,0,3,5,3,0,4,5,6231.0,-1507.0,5.0,26-35,No,0.08012491097554983,Low
31,Yes,2,330,Research & Development,22,4,3,4,Male,98,3,2,4,3,1,6179,21057,1,1,15,3,4,2,10,3,2,10,2,6,7,10,6447.0,-268.0,1.4285714285714286,26-35,No,0.08417131501518525,Low
39,No,2,1498,Sales,21,4,1,1,Male,44,2,2,7,4,1,6120,3567,3,1,12,3,4,2,8,2,4,5,4,1,4,5,6231.0,-111.0,2.5,36-45,No,0.0907217059806403,Low
51,No,1,541,Sales,2,3,2,2,Male,52,3,3,7,2,1,10596,15395,2,0,11,3,2,0,14,5,3,4,2,3,2,4,6231.0,4365.0,1.0,46-60,No,0.2622180255338945,Low
41,No,1,1200,Research & Development,22,3,1,4,Female,75,3,2,6,4,0,5467,13953,3,1,14,3,1,2,12,4,2,6,2,3,3,6,2887.5,2579.5,1.5,36-45,No,0.05049827350548728,Low
37,No,2,1439,Research & Development,4,1,1,3,Male,54,3,1,6,3,1,2996,5182,7,1,15,3,4,0,8,2,3,6,4,1,3,6,2887.5,108.5,3.0,36-45,No,0.09604897011197723,Low
33,No,1,1111,Sales,5,1,1,2,Male,61,3,2,7,4,1,9998,19293,6,0,13,3,1,0,8,2,4,5,4,1,2,5,6231.0,3767.0,2.5,26-35,No,0.10217950050742236,Low
32,No,2,499,Sales,2,1,2,3,Male,36,3,2,7,2,1,4078,20497,0,1,13,3,1,3,4,3,2,3,2,1,2,3,6231.0,-2153.0,1.5,26-35,No,0.09128431551644665,Low
39,No,0,1485,Research & Development,25,2,1,3,Male,71,3,3,0,3,1,10920,3449,3,0,21,4,2,1,13,2,3,6,4,0,5,6,6811.0,4109.0,6.0,36-45,No,0.02813004540708888,Low
25,No,2,1372,Sales,18,1,1,1,Male,93,4,2,7,3,1,6232,12477,2,0,11,3,2,0,6,3,2,3,2,1,2,3,6231.0,1.0,1.5,18-25,No,0.07367993677506214,Low
52,No,1,322,Research & Development,28,2,3,4,Female,59,4,4,4,3,1,13247,9731,2,1,11,3,2,1,24,3,2,5,3,0,2,5,6447.0,6800.0,5.0,46-60,No,0.051730920710803145,Low
43,No,2,930,Research & Development,6,3,3,1,Female,73,2,2,6,3,2,4081,20003,1,1,14,3,1,0,20,3,1,20,7,1,8,20,2887.5,1193.5,10.0,36-45,No,0.0958965414583033,Low
27,No,2,205,Sales,10,3,2,4,Female,98,2,2,7,4,1,5769,7100,1,1,11,3,4,0,6,3,3,6,2,4,4,6,6231.0,-462.0,1.2,26-35,No,0.07508121859427509,Low
27,Yes,2,135,Research & Development,17,4,1,4,Female,51,3,1,6,3,2,2394,25681,1,1,13,3,4,0,8,2,3,8,2,7,7,8,2887.5,-493.5,1.0,26-35,Yes,0.6906441144150274,High
26,No,2,683,Research & Development,2,1,3,1,Male,36,2,1,6,4,2,3904,4050,0,0,12,3,4,0,5,2,3,4,3,1,1,4,2887.5,1016.5,2.0,26-35,No,0.11584398919204003,Low
42,No,2,1147,Human Resources,10,3,0,3,Female,31,3,4,3,1,1,16799,16616,0,0,14,3,3,1,21,5,3,20,7,0,9,20,17454.5,-655.5,20.0,36-45,No,0.01143425766025638,Low
52,No,2,258,Research & Development,8,4,4,3,Female,54,3,1,2,1,1,2950,17363,9,0,13,3,3,0,12,2,1,5,4,0,4,5,2886.0,64.0,5.0,46-60,No,0.11402744207672713,Low
37,No,2,1462,Research & Development,11,3,3,1,Female,94,3,1,2,3,2,3629,19106,4,0,18,3,1,0,8,6,3,3,2,0,2,3,2886.0,743.0,3.0,36-45,No,0.15353007013815057,Low
35,No,1,200,Research & Development,18,2,1,3,Male,60,3,3,4,4,2,9362,19944,2,0,11,3,3,0,10,2,3,2,2,2,2,2,6447.0,2915.0,0.6666666666666666,26-35,No,0.11642066754993038,Low
25,No,2,949,Research & Development,1,3,5,1,Male,81,3,1,2,4,1,3229,4910,4,0,11,3,2,1,7,2,2,3,2,0,2,3,2886.0,343.0,3.0,18-25,No,0.08784654455977464,Low
26,No,2,652,Research & Development,7,3,4,3,Male,100,4,1,2,1,2,3578,23577,0,0,12,3,4,0,8,2,3,7,7,0,7,7,2886.0,692.0,7.0,26-35,No,0.09477516978834176,Low
29,No,2,332,Human Resources,17,3,4,2,Male,51,2,3,1,1,2,7988,9769,1,0,13,3,1,0,10,3,2,10,9,0,9,10,3093.0,4895.0,10.0,26-35,No,0.07412067712075358,Low
49,Yes,1,1475,Research & Development,28,2,1,1,Male,97,2,2,2,1,2,4284,22710,3,0,20,4,1,0,20,2,3,4,3,1,3,4,2886.0,1398.0,2.0,46-60,Yes,0.6319886684808137,High
29,Yes,1,337,Research & Development,14,1,4,3,Female,84,3,3,0,4,2,7553,22930,0,1,12,3,1,0,9,1,3,8,7,7,7,8,6811.0,742.0,1.0,26-35,Yes,0.5978462277806917,Low
54,No,2,971,Research & Development,1,3,3,4,Female,54,3,4,5,4,2,17328,5652,6,0,19,3,4,0,29,3,2,20,7,12,7,20,16510.0,818.0,1.5384615384615385,46-60,No,0.0398034514103585,Low
58,No,2,1055,Research & Development,1,3,3,4,Female,76,3,5,5,1,1,19701,22456,3,1,21,4,3,1,32,3,3,9,8,1,5,9,16510.0,3191.0,4.5,46-60,No,0.09720811269020763,Low
55,No,2,1136,Research & Development,1,4,3,2,Male,81,4,4,5,4,0,14732,12414,2,0,13,3,4,2,31,4,4,7,7,0,0,7,16510.0,-1778.0,7.0,46-60,No,0.02565645991305474,Low
36,No,2,1174,Sales,3,4,2,1,Female,99,3,2,7,2,2,9278,20763,3,1,16,3,4,0,15,3,3,5,4,0,1,5,6231.0,3047.0,5.0,36-45,No,0.09034518893333265,Low
31,Yes,1,667,Sales,1,4,1,2,Female,50,1,1,8,3,2,1359,16154,1,0,12,3,2,0,1,3,3,1,0,0,0,1,2579.0,-1220.0,1.0,26-35,Yes,0.8985872505407893,High
30,No,2,855,Sales,7,4,2,4,Female,73,3,2,7,1,0,4779,12761,7,0,14,3,2,2,8,3,3,3,2,0,2,3,6231.0,-1452.0,3.0,26-35,No,0.04130691276755593,Low
31,No,2,182,Research & Development,8,5,1,1,Female,93,3,4,5,2,2,16422,8847,3,0,11,3,3,0,9,3,4,3,2,1,0,3,16510.0,-88.0,1.5,26-35,No,0.07393774357004235,Low
34,No,1,560,Research & Development,1,4,4,4,Male,91,3,1,6,1,0,2996,20284,5,0,14,3,3,2,10,2,3,4,3,1,3,4,2887.5,108.5,2.0,26-35,No,0.04488640154128931,Low
31,Yes,2,202,Research & Development,8,3,1,1,Female,34,2,1,6,2,2,1261,22262,1,0,12,3,3,0,1,3,4,1,0,0,0,1,2887.5,-1626.5,1.0,26-35,Yes,0.8593615412758029,High
27,No,2,1377,Research & Development,11,1,1,2,Male,91,3,1,2,1,1,2099,7679,0,0,14,3,2,0,6,3,4,5,0,1,4,5,2886.0,-787.0,2.5,26-35,No,0.068857431033167,Low
36,No,2,172,Research & Development,4,4,1,1,Male,37,2,2,2,4,2,5810,22604,1,0,16,3,3,0,10,2,2,10,4,1,8,10,2886.0,2924.0,5.0,36-45,No,0.0462519500440696,Low
36,No,2,329,Sales,16,4,2,3,Female,98,2,2,7,1,1,5647,13494,4,0,13,3,1,2,11,3,2,3,2,0,2,3,6231.0,-584.0,3.0,36-45,No,0.05902509420790152,Low
47,No,2,465,Research & Development,1,3,5,1,Male,74,3,1,6,4,1,3420,10205,7,0,12,3,3,1,17,2,2,6,5,1,2,6,2887.5,532.5,3.0,46-60,No,0.034938043221638,Low
25,Yes,2,383,Sales,9,2,1,1,Male,68,2,1,8,1,1,4400,15182,3,0,12,3,1,0,6,2,3,3,2,2,2,3,2579.0,1821.0,1.0,18-25,No,0.23035019634477186,Low
37,No,0,1413,Research & Development,5,2,5,3,Male,84,4,1,2,3,2,3500,25470,0,0,14,3,1,0,7,2,1,6,5,1,3,6,2886.0,614.0,3.0,36-45,No,0.0770857469319535,Low
56,No,2,1255,Research & Development,1,2,1,1,Female,90,3,1,6,1,1,2066,10494,2,0,22,4,4,1,5,3,4,3,2,1,0,3,2887.5,-821.5,1.5,46-60,No,0.1871295792699573,Low
47,No,2,359,Research & Development,2,4,3,1,Female,82,3,4,5,3,1,17169,26703,3,0,19,3,2,2,26,2,4,20,17,5,6,20,16510.0,659.0,3.3333333333333335,46-60,No,0.025900064840217688,Low
24,No,2,1476,Sales,4,1,3,4,Female,42,3,2,7,3,1,4162,15211,1,1,12,3,3,2,5,3,3,5,4,0,3,5,6231.0,-2069.0,5.0,18-25,No,0.06914892694335849,Low
32,No,2,601,Sales,7,5,2,4,Male,97,3,2,7,4,1,9204,23343,4,0,12,3,3,1,7,3,2,4,3,0,3,4,6231.0,2973.0,4.0,26-35,No,0.06629167082021944,Low
34,No,2,401,Research & Development,1,3,1,4,Female,86,2,1,2,2,1,3294,3708,5,0,17,3,1,1,7,2,2,5,4,0,2,5,2886.0,408.0,5.0,26-35,No,0.051901503730951655,Low
41,No,2,1283,Research & Development,5,5,3,2,Male,90,4,1,6,3,1,2127,5561,2,1,12,3,1,0,7,5,2,4,2,0,3,4,2887.5,-760.5,4.0,36-45,No,0.3401119454312348,Low
40,No,0,663,Research & Development,9,4,4,3,Male,81,3,2,2,3,0,3975,23099,3,0,11,3,3,2,11,2,4,8,7,0,7,8,2886.0,1089.0,8.0,36-45,No,0.030840942583974122,Low
31,No,2,326,Sales,8,2,1,1,Male,31,3,3,7,4,0,10793,8386,1,0,18,3,1,1,13,5,3,13,7,9,9,13,6231.0,4562.0,1.3,26-35,No,0.12284499893649818,Low
46,Yes,2,377,Sales,9,3,2,1,Male,52,3,3,7,4,0,10096,15986,4,0,11,3,1,1,28,1,4,7,7,4,3,7,6231.0,3865.0,1.4,46-60,Yes,0.552989223540749,Low
39,Yes,0,592,Research & Development,2,3,1,1,Female,54,2,1,2,1,2,3646,17181,2,1,23,4,2,0,11,2,4,1,0,0,0,1,2886.0,760.0,1.0,36-45,Yes,0.7812174451309822,High
31,Yes,1,1445,Research & Development,1,5,1,3,Female,100,4,3,4,2,2,7446,8931,1,0,11,3,1,0,10,2,3,10,8,4,7,10,6447.0,999.0,2.0,26-35,Yes,0.6033768409127427,High
45,No,2,1038,Research & Development,20,3,3,2,Male,95,1,3,0,1,0,10851,19863,2,1,18,3,2,1,24,2,3,7,7,0,7,7,6811.0,4040.0,7.0,36-45,No,0.03702587627174505,Low
31,No,2,1398,Human Resources,8,2,3,4,Female,96,4,1,1,2,2,2109,24609,9,0,18,3,4,0,8,3,3,3,2,0,2,3,3093.0,-984.0,3.0,26-35,No,0.23576203035866844,Low
31,Yes,1,523,Research & Development,2,3,1,2,Male,94,3,1,2,4,1,3722,21081,6,1,13,3,3,1,7,2,1,2,2,2,2,2,2886.0,836.0,0.6666666666666666,26-35,Yes,0.6367285780580425,High
45,No,2,1448,Research & Development,29,3,5,2,Male,55,3,3,4,4,1,9380,14720,4,1,18,3,4,2,10,4,4,3,1,1,2,3,6447.0,2933.0,1.5,36-45,No,0.07509307411497466,Low
48,No,2,1221,Sales,7,3,2,3,Male,96,3,2,7,1,0,5486,24795,4,0,11,3,1,3,15,3,3,2,2,2,2,2,6231.0,-745.0,0.6666666666666666,46-60,No,0.07165880365760141,Low
34,Yes,2,1107,Human Resources,9,4,5,1,Female,52,3,1,1,3,1,2742,3072,1,0,15,3,4,0,2,0,3,2,2,2,2,2,3093.0,-351.0,0.6666666666666666,26-35,Yes,0.6156495074134901,High
40,No,0,218,Research & Development,8,1,3,4,Male,55,2,3,5,2,0,13757,25178,2,0,11,3,3,1,16,5,3,9,8,4,8,9,16510.0,-2753.0,1.8,36-45,No,0.04724843031931348,Low
28,No,2,866,Sales,5,3,3,4,Male,84,3,2,7,1,2,8463,23490,0,0,18,3,4,0,6,4,3,5,4,1,3,5,6231.0,2232.0,2.5,26-35,No,0.05477941215775683,Low
44,No,0,981,Research & Development,5,3,1,3,Male,90,2,1,2,3,2,3162,7973,3,0,14,3,4,0,7,5,3,5,2,0,3,5,2886.0,276.0,5.0,36-45,No,0.04541863300035686,Low
53,No,2,447,Research & Development,2,3,3,4,Male,39,4,4,5,2,2,16598,19764,4,0,12,3,2,0,35,2,2,9,8,8,8,9,16510.0,88.0,1.0,46-60,No,0.051587769583686265,Low
49,No,2,1495,Research & Development,5,4,5,1,Male,96,3,2,0,3,1,6651,21534,2,0,14,3,2,1,20,0,2,3,2,1,2,3,6811.0,-160.0,1.5,46-60,No,0.05093373317108233,Low
40,No,2,896,Research & Development,2,3,3,3,Male,68,3,1,6,3,0,2345,8045,2,0,14,3,3,1,8,3,4,3,1,1,2,3,2887.5,-542.5,1.5,36-45,No,0.0265113526565858,Low
44,No,2,1467,Research & Development,20,3,1,4,Male,49,3,1,6,2,2,3420,21158,1,0,13,3,3,0,6,3,2,5,2,1,3,5,2887.5,532.5,2.5,36-45,No,0.06982151839978612,Low
33,No,1,430,Sales,7,3,3,4,Male,54,3,2,7,1,1,4373,17456,0,0,14,3,1,2,5,2,3,4,3,0,3,4,6231.0,-1858.0,4.0,26-35,No,0.04111056920494743,Low
34,No,2,1326,Sales,3,3,4,4,Male,81,1,2,7,1,2,4759,15891,3,0,18,3,4,0,15,2,3,13,9,3,12,13,6231.0,-1472.0,3.25,26-35,No,0.1019237106333211,Low
30,No,2,1358,Sales,16,1,1,4,Male,96,3,2,7,3,1,5301,2939,8,0,15,3,3,2,4,2,2,2,1,2,2,2,6231.0,-930.0,0.6666666666666666,26-35,No,0.06465480284826174,Low
42,No,1,748,Research & Development,9,2,3,1,Female,74,3,1,2,4,2,3673,16458,1,0,13,3,3,0,12,3,3,12,9,5,8,12,2886.0,787.0,2.0,36-45,No,0.06836946527345751,Low
44,No,1,383,Sales,1,5,2,1,Female,79,3,2,7,3,1,4768,9282,7,0,12,3,3,1,11,4,2,1,0,0,0,1,6231.0,-1463.0,1.0,36-45,No,0.08795461302506576,Low
30,No,0,990,Research & Development,7,3,5,3,Male,64,3,1,6,3,0,1274,7152,1,0,13,3,2,2,1,2,2,1,0,0,0,1,2887.5,-1613.5,1.0,26-35,No,0.14605724023719777,Low
57,No,2,405,Research & Development,1,2,1,2,Male,93,4,2,6,3,1,4900,2721,0,0,24,4,1,1,13,2,2,12,9,2,8,12,2887.5,2012.5,4.0,46-60,No,0.05930734761131103,Low
49,No,2,1490,Research & Development,7,4,1,3,Male,35,3,3,0,2,0,10466,20948,3,0,14,3,2,2,29,3,3,8,7,0,7,8,6811.0,3655.0,8.0,46-60,No,0.031400763725757674,Low
34,No,1,829,Research & Development,15,3,3,2,Male,71,3,4,5,1,0,17007,11929,7,0,14,3,4,2,16,3,2,14,8,6,9,14,16510.0,497.0,2.0,26-35,No,0.06368610103047989,Low
28,Yes,1,1496,Sales,1,3,5,1,Male,92,3,1,8,3,1,2909,15747,3,0,15,3,4,1,5,3,4,3,2,1,2,3,2579.0,330.0,1.5,26-35,Yes,0.5963073782867728,Low
29,Yes,1,115,Sales,13,3,5,1,Female,51,3,2,7,2,2,5765,17485,5,0,11,3,1,0,7,4,1,5,3,0,0,5,6231.0,-466.0,5.0,26-35,Yes,0.7001313885738396,High
34,Yes,2,790,Sales,24,4,3,1,Female,40,2,2,7,2,2,4599,7815,0,1,23,4,3,0,16,2,4,15,9,10,10,15,6231.0,-1632.0,1.3636363636363635,26-35,Yes,0.6218963427640165,High
35,No,2,660,Sales,7,1,1,4,Male,76,3,1,8,3,1,2404,16192,1,0,13,3,1,1,1,3,3,1,0,0,0,1,2579.0,-175.0,1.0,26-35,No,0.13124432223116278,Low
24,Yes,1,381,Research & Development,9,3,3,2,Male,89,3,1,2,1,2,3172,16998,2,1,11,3,3,0,4,2,2,0,0,0,0,0,2886.0,286.0,0.0,18-25,Yes,0.821288095273437,High
24,No,0,830,Sales,13,2,1,4,Female,78,3,1,8,2,1,2033,7103,1,0,13,3,3,1,1,2,3,1,0,0,0,1,2579.0,-546.0,1.0,18-25,Yes,0.5589197792975066,Low
44,No,1,1193,Research & Development,2,1,3,2,Male,86,3,3,4,3,2,10209,19719,5,1,18,3,2,0,16,2,2,2,2,2,2,2,6447.0,3762.0,0.6666666666666666,36-45,No,0.11020169999797538,Low
29,No,2,1246,Sales,19,3,1,3,Male,77,2,2,7,3,0,8620,23757,1,0,14,3,3,2,10,3,3,10,7,0,4,10,6231.0,2389.0,10.0,26-35,No,0.0359181387706797,Low
30,No,2,330,Human Resources,1,3,1,3,Male,46,3,1,1,3,0,2064,15428,0,0,21,4,1,1,6,3,4,5,3,1,3,5,3093.0,-1029.0,2.5,26-35,No,0.09395604139845136,Low
55,No,2,1229,Research & Development,4,4,1,4,Male,30,3,2,0,3,1,4035,16143,0,1,16,3,2,0,4,2,3,3,2,1,2,3,6811.0,-2776.0,1.5,46-60,No,0.045127980675075924,Low
33,No,2,1099,Research & Development,4,4,3,1,Female,82,2,1,2,2,1,3838,8192,8,0,11,3,4,0,8,5,3,5,4,0,2,5,2886.0,952.0,5.0,26-35,No,0.10964963022850042,Low
47,No,2,571,Sales,14,3,3,3,Female,78,3,2,7,3,1,4591,24200,3,1,17,3,3,1,11,4,2,5,4,1,2,5,6231.0,-1640.0,2.5,46-60,No,0.06861120364433293,Low
28,Yes,1,289,Research & Development,2,2,3,3,Male,38,2,1,2,1,2,2561,5355,7,0,11,3,3,0,8,2,2,0,0,0,0,0,2886.0,-325.0,0.0,26-35,Yes,0.7483613454298615,High
28,No,2,1423,Research & Development,1,3,1,1,Male,72,2,1,6,3,0,1563,12530,1,0,14,3,4,1,1,2,1,1,0,0,0,1,2887.5,-1324.5,1.0,26-35,No,0.1622796811032105,Low
28,No,1,467,Sales,7,3,1,3,Male,55,3,2,7,1,2,4898,11827,0,0,14,3,4,0,5,5,3,4,2,1,3,4,6231.0,-1333.0,2.0,26-35,No,0.0486671056118313,Low
49,No,2,271,Research & Development,3,2,3,3,Female,43,2,2,2,1,1,4789,23070,4,0,25,4,1,1,10,3,3,3,2,1,2,3,2886.0,1903.0,1.5,46-60,No,0.08652377724511796,Low
29,No,1,410,Research & Development,2,1,1,4,Female,97,3,1,2,2,1,3180,4668,0,0,13,3,3,3,4,3,3,3,2,0,2,3,2886.0,294.0,3.0,26-35,No,0.07300731625968931,Low
28,No,2,1083,Research & Development,29,1,1,3,Male,96,1,2,4,2,1,6549,3173,1,0,14,3,2,2,8,2,2,8,6,1,7,8,6447.0,102.0,4.0,26-35,No,0.06831011616866682,Low
33,No,2,516,Research & Development,8,5,1,4,Male,69,3,2,0,3,2,6388,22049,2,1,17,3,1,0,14,6,3,0,0,0,0,0,6811.0,-423.0,0.0,26-35,No,0.15008412470932866,Low
32,No,2,495,Research & Development,10,3,3,3,Male,64,3,3,3,4,2,11244,21072,2,0,25,4,2,0,10,5,4,5,2,0,0,5,17454.5,-6210.5,5.0,26-35,No,0.03566534888643863,Low
54,No,1,1050,Research & Development,11,4,3,2,Female,87,3,4,3,4,0,16032,24456,3,0,20,4,1,1,26,2,3,14,9,1,12,14,17454.5,-1422.5,7.0,46-60,No,0.009868157624556326,Low
29,Yes,2,224,Research & Development,1,4,5,1,Male,100,2,1,6,1,2,2362,7568,6,0,13,3,3,0,11,2,1,9,7,0,7,9,2887.5,-525.5,9.0,26-35,Yes,0.688152653892664,High
44,No,2,136,Research & Development,28,3,1,4,Male,32,3,4,5,1,1,16328,22074,3,0,13,3,3,1,24,1,4,20,6,14,17,20,16510.0,-182.0,1.3333333333333333,36-45,No,0.08266178400746271,Low
39,No,2,1089,Research & Development,6,3,1,2,Female,32,3,3,4,2,2,8376,9150,4,0,18,3,4,0,9,3,3,2,0,2,2,2,6447.0,1929.0,0.6666666666666666,36-45,No,0.07432010269840449,Low
46,No,2,228,Sales,3,3,1,3,Female,51,3,4,3,2,1,16606,11380,8,0,12,3,4,1,23,2,4,13,12,5,1,13,17454.5,-848.5,2.1666666666666665,46-60,No,0.08668713616188654,Low
35,No,2,1029,Research & Development,16,3,1,4,Female,91,2,3,0,2,2,8606,21195,1,0,19,3,4,0,11,3,1,11,8,3,3,11,6811.0,1795.0,2.75,26-35,No,0.033224433863902864,Low
23,No,2,507,Research & Development,20,1,1,1,Male,97,3,2,2,3,2,2272,24812,0,0,14,3,2,0,5,2,3,4,3,1,2,4,2886.0,-614.0,2.0,18-25,No,0.11017398237347904,Low
40,Yes,2,676,Research & Development,9,4,1,4,Male,86,3,1,2,1,2,2018,21831,3,0,14,3,2,0,15,3,1,5,4,1,0,5,2886.0,-868.0,2.5,36-45,Yes,0.628984150212188,High
34,No,2,971,Sales,1,3,5,4,Male,64,2,3,7,3,1,7083,12288,1,1,14,3,4,0,10,3,3,10,9,8,6,10,6231.0,852.0,1.1111111111111112,26-35,No,0.10280216862336033,Low
31,Yes,1,561,Research & Development,3,3,1,4,Female,33,3,1,6,3,2,4084,4156,1,0,12,3,1,0,7,2,1,7,2,7,7,7,2887.5,1196.5,0.875,26-35,Yes,0.5591102298689001,Low
50,No,1,333,Research & Development,22,5,3,3,Male,88,1,4,5,4,2,14411,24450,1,1,13,3,4,0,32,2,3,32,6,13,9,32,16510.0,-2099.0,2.2857142857142856,46-60,No,0.07278230861705293,Low
34,No,2,1440,Sales,7,2,5,2,Male,55,3,1,8,3,1,2308,4944,0,1,25,4,2,1,12,4,3,11,10,5,7,11,2579.0,-271.0,1.8333333333333333,26-35,No,0.13979595115234555,Low
42,No,2,1210,Research & Development,2,3,3,3,Male,68,2,1,2,2,1,4841,24052,4,0,14,3,2,1,4,3,3,1,0,0,0,1,2886.0,1955.0,1.0,36-45,No,0.03738661670533301,Low
37,No,2,674,Research & Development,13,3,3,1,Male,47,3,2,6,4,1,4285,3031,1,0,17,3,1,0,10,2,3,10,8,3,7,10,2887.5,1397.5,2.5,36-45,No,0.06845026178267354,Low
29,No,2,441,Research & Development,8,1,4,3,Female,39,1,2,0,1,1,9715,7288,3,0,13,3,3,1,9,3,3,7,7,0,7,7,6811.0,2904.0,7.0,26-35,No,0.03911788617155865,Low
33,No,2,575,Research & Development,25,3,1,4,Male,44,2,2,4,2,2,4320,24152,1,0,13,3,4,0,5,2,3,5,3,0,2,5,6447.0,-2127.0,5.0,26-35,No,0.04202787460812114,Low
45,No,2,950,Research & Development,28,3,5,4,Male,97,3,1,6,4,1,2132,4585,4,0,20,4,4,1,8,3,3,5,4,0,3,5,2887.5,-755.5,5.0,36-45,No,0.048929812160863256,Low
42,No,1,288,Research & Development,2,3,1,4,Male,40,3,3,0,4,1,10124,18611,2,1,14,3,3,1,24,3,1,20,8,13,9,20,6811.0,3313.0,1.4285714285714286,36-45,No,0.05162577503174233,Low
40,No,2,1342,Sales,9,2,3,1,Male,47,3,2,7,1,1,5473,19345,0,0,12,3,4,0,9,5,4,8,4,7,1,8,6231.0,-758.0,1.0,36-45,No,0.09670196381091523,Low
33,No,2,589,Research & Development,28,4,1,2,Male,79,3,2,2,3,1,5207,22949,1,1,12,3,2,1,15,3,3,15,14,5,7,15,2886.0,2321.0,2.5,26-35,No,0.07351760979224899,Low
40,No,2,898,Human Resources,6,2,3,3,Male,38,3,4,3,4,2,16437,17381,1,1,21,4,4,0,21,2,3,21,7,7,7,21,17454.5,-1017.5,2.625,36-45,No,0.04277354839872878,Low
24,No,2,350,Research & Development,21,2,5,3,Male,57,2,1,2,1,0,2296,10036,0,0,14,3,2,3,2,3,3,1,1,0,0,1,2886.0,-590.0,1.0,18-25,No,0.21923804352166135,Low
40,No,0,1142,Research & Development,8,2,1,4,Male,72,3,2,0,4,0,4069,8841,3,1,18,3,3,0,8,2,3,2,2,2,2,2,6811.0,-2742.0,0.6666666666666666,36-45,No,0.13593618511390593,Low
45,No,2,538,Research & Development,1,4,5,1,Male,66,3,3,0,2,0,7441,20933,1,0,12,3,1,3,10,4,3,10,8,7,7,10,6811.0,630.0,1.25,36-45,No,0.03536043703493151,Low
35,No,2,1402,Sales,28,4,1,2,Female,98,2,1,8,3,1,2430,26204,0,0,23,4,1,2,6,5,3,5,3,4,2,5,2579.0,-149.0,1.0,26-35,No,0.18367607270302946,Low
32,No,2,824,Research & Development,5,2,1,4,Female,67,2,2,6,2,1,5878,15624,3,0,12,3,1,1,12,2,3,7,1,2,5,7,2887.5,2990.5,2.3333333333333335,26-35,No,0.04333127912920638,Low
36,No,2,1157,Sales,2,4,1,3,Male,70,3,1,8,4,2,2644,17001,3,1,21,4,4,0,7,3,2,3,2,1,2,3,2579.0,65.0,1.5,36-45,No,0.13737460450018094,Low
48,No,2,492,Sales,16,4,1,3,Female,96,3,2,7,3,0,6439,13693,8,0,14,3,3,1,18,2,3,8,7,7,7,8,6231.0,208.0,1.0,46-60,No,0.04999923676011096,Low
29,No,2,598,Research & Development,9,3,1,3,Male,91,4,1,6,3,1,2451,22376,6,0,18,3,1,2,5,2,2,1,0,0,0,1,2887.5,-436.5,1.0,26-35,No,0.12185677760513727,Low
33,No,2,1242,Sales,8,4,1,1,Male,46,3,2,7,1,1,6392,10589,2,0,13,3,4,1,8,6,1,2,2,2,2,2,6231.0,161.0,0.6666666666666666,26-35,No,0.09503602965667837,Low
30,Yes,2,740,Sales,1,3,1,2,Male,64,2,2,7,1,1,9714,5323,1,0,11,3,4,1,10,4,3,10,8,6,7,10,6231.0,3483.0,1.4285714285714286,26-35,No,0.3822145900215346,Low
38,No,1,888,Human Resources,10,4,0,3,Male,71,3,2,1,3,1,6077,14814,3,0,11,3,3,0,10,2,3,6,3,1,2,6,3093.0,2984.0,3.0,36-45,No,0.05719254358533732,Low
35,No,2,992,Research & Development,1,3,3,4,Male,68,2,1,2,1,2,2450,21731,1,0,19,3,2,0,3,3,3,3,0,1,2,3,2886.0,-436.0,1.5,26-35,No,0.07337502984613624,Low
30,No,2,1288,Sales,29,4,5,3,Male,33,3,3,7,2,1,9250,17799,3,0,12,3,2,1,9,3,3,4,2,1,3,4,6231.0,3019.0,2.0,26-35,No,0.09098483499502073,Low
35,Yes,2,104,Research & Development,2,3,1,1,Female,69,3,1,2,1,0,2074,26619,1,1,12,3,4,1,1,2,3,1,0,0,0,1,2886.0,-812.0,1.0,26-35,Yes,0.8041495954017868,High
53,Yes,2,607,Research & Development,2,5,5,3,Female,78,2,3,4,4,1,10169,14618,0,0,16,3,2,1,34,4,3,33,7,1,9,33,6447.0,3722.0,16.5,46-60,No,0.1019043462757003,Low
38,Yes,2,903,Research & Development,2,3,3,3,Male,81,3,2,4,2,1,4855,7653,4,0,11,3,1,2,7,2,3,5,2,1,4,5,6447.0,-1592.0,2.5,36-45,No,0.32461055082367524,Low
32,No,0,1200,Research & Development,1,4,5,4,Male,62,3,2,6,1,1,4087,25174,4,0,14,3,2,1,9,3,2,6,5,1,2,6,2887.5,1199.5,3.0,26-35,No,0.028364828211736567,Low
48,No,2,1108,Research & Development,15,4,4,3,Female,65,3,1,6,1,1,2367,16530,8,0,12,3,4,1,10,3,2,8,2,7,6,8,2887.5,-520.5,1.0,46-60,No,0.08458692053708694,Low
34,No,2,479,Research & Development,7,4,3,1,Male,35,3,1,6,4,2,2972,22061,1,0,13,3,3,0,1,4,1,1,0,0,0,1,2887.5,84.5,1.0,26-35,No,0.18482613922615906,Low
55,No,2,685,Sales,26,5,2,3,Male,60,2,5,3,4,1,19586,23037,1,0,21,4,3,1,36,3,3,36,6,2,13,36,17454.5,2131.5,12.0,46-60,No,0.0406349868331972,Low
34,No,2,1351,Research & Development,1,4,1,2,Male,45,3,2,6,4,1,5484,13008,9,0,17,3,2,1,9,3,2,2,2,2,1,2,2887.5,2596.5,0.6666666666666666,26-35,No,0.14313637695208545,Low
26,No,2,474,Research & Development,3,3,1,1,Female,89,3,1,6,4,1,2061,11133,1,0,21,4,1,0,1,5,3,1,0,0,0,1,2887.5,-826.5,1.0,26-35,No,0.4799258287757628,Low
38,No,2,1245,Sales,14,3,1,3,Male,80,3,2,7,2,1,9924,12355,0,0,11,3,4,1,10,3,3,9,8,7,7,9,6231.0,3693.0,1.125,36-45,No,0.06133515690601226,Low
38,No,2,437,Sales,16,3,1,2,Female,90,3,2,7,2,2,4198,16379,2,0,12,3,2,0,8,5,4,3,2,1,2,3,6231.0,-2033.0,1.5,36-45,No,0.05808797428297884,Low
36,No,2,884,Sales,1,4,1,2,Female,73,3,2,7,3,2,6815,21447,6,0,13,3,1,0,15,5,3,1,0,0,0,1,6231.0,584.0,1.0,36-45,No,0.07054673634784865,Low
29,No,2,1370,Research & Development,3,1,3,2,Male,87,3,1,2,1,2,4723,16213,1,1,18,3,4,0,10,3,3,10,9,1,5,10,2886.0,1837.0,5.0,26-35,No,0.10286892174329292,Low
35,No,2,670,Research & Development,10,4,3,1,Female,51,3,2,0,3,2,6142,4223,3,1,16,3,3,0,10,4,3,5,2,0,4,5,6811.0,-669.0,5.0,26-35,No,0.06836986652622279,Low
39,No,2,1462,Sales,6,3,3,4,Male,38,4,3,7,3,1,8237,4658,2,0,11,3,1,1,11,3,3,7,6,7,6,7,6231.0,2006.0,0.875,36-45,No,0.06588414563286726,Low
29,No,1,995,Research & Development,2,1,1,1,Male,87,3,2,0,4,0,8853,24483,1,0,19,3,4,1,6,0,4,6,4,1,3,6,6811.0,2042.0,3.0,26-35,No,0.03466127935556382,Low
50,No,2,264,Sales,9,3,2,3,Male,59,3,5,3,3,1,19331,19519,4,1,16,3,3,1,27,2,3,1,0,0,0,1,17454.5,1876.5,1.0,46-60,No,0.048331012583996,Low
23,No,2,977,Research & Development,10,3,5,4,Male,45,4,1,6,3,1,2073,12826,2,0,16,3,4,1,4,2,3,2,2,2,2,2,2887.5,-814.5,0.6666666666666666,18-25,No,0.0647672354015796,Low
36,No,1,1302,Research & Development,6,4,1,1,Male,80,4,2,2,1,1,5562,19711,3,1,13,3,4,1,9,3,3,3,2,0,2,3,2886.0,2676.0,3.0,36-45,No,0.07400279041121884,Low
42,No,2,1059,Research & Development,9,2,4,4,Male,93,2,5,3,4,2,19613,26362,8,0,22,4,4,0,24,2,3,1,0,0,1,1,17454.5,2158.5,1.0,36-45,No,0.07499867982088806,Low
35,No,2,750,Research & Development,28,3,1,2,Male,46,4,2,2,3,1,3407,25348,1,0,17,3,4,2,10,3,2,10,9,6,8,10,2886.0,521.0,1.4285714285714286,26-35,No,0.040815391634778,Low
34,No,1,653,Research & Development,10,4,5,4,Male,92,2,2,0,3,1,5063,15332,1,0,14,3,2,1,8,3,2,8,2,7,7,8,6811.0,-1748.0,1.0,26-35,No,0.03483768573918349,Low
40,No,2,118,Sales,14,2,1,4,Female,84,3,2,7,1,1,4639,11262,1,0,15,3,3,1,5,2,3,5,4,1,2,5,6231.0,-1592.0,2.5,36-45,No,0.04706262601048099,Low
43,No,2,990,Research & Development,27,3,5,4,Male,87,4,1,2,2,0,4876,5855,5,0,12,3,3,1,8,0,3,6,4,0,2,6,2886.0,1990.0,6.0,36-45,No,0.07403620172398426,Low
35,No,2,1349,Research & Development,7,2,1,3,Male,63,2,1,2,4,1,2690,7713,1,0,18,3,4,1,1,5,2,1,0,0,1,1,2886.0,-196.0,1.0,26-35,No,0.0758394520112571,Low
46,No,2,563,Sales,1,4,1,4,Male,56,4,4,3,1,2,17567,3156,1,0,15,3,2,0,27,5,1,26,0,0,12,26,17454.5,112.5,26.0,46-60,No,0.06927901671202383,Low
28,Yes,2,329,Research & Development,24,3,3,3,Male,51,3,1,2,2,1,2408,7324,1,1,17,3,3,3,1,3,3,1,1,0,0,1,2886.0,-478.0,1.0,26-35,Yes,0.8611043136249991,High
22,No,0,457,Research & Development,26,2,4,2,Female,85,2,1,6,3,1,2814,10293,1,1,14,3,2,0,4,2,2,4,2,1,3,4,2887.5,-73.5,2.0,18-25,No,0.15925267989476258,Low
50,No,1,1234,Research & Development,20,5,3,2,Male,41,3,4,0,3,1,11245,20689,2,1,15,3,3,1,32,3,3,30,8,12,13,30,6811.0,4434.0,2.3076923076923075,46-60,No,0.02461600440892003,Low
32,No,2,634,Research & Development,5,4,4,2,Female,35,4,1,6,4,1,3312,18783,3,0,17,3,4,2,6,3,3,3,2,0,2,3,2887.5,424.5,3.0,26-35,No,0.029830007256439087,Low
44,No,2,1313,Research & Development,7,3,3,2,Female,31,3,5,5,4,0,19049,3549,0,1,14,3,4,1,23,4,2,22,7,1,10,22,16510.0,2539.0,11.0,36-45,No,0.011544540321106033,Low
30,No,2,241,Research & Development,7,3,3,2,Male,48,2,1,6,2,1,2141,5348,1,0,12,3,2,1,6,3,2,6,4,1,1,6,2887.5,-746.5,3.0,26-35,No,0.0861485298972352,Low
45,No,2,1015,Research & Development,5,5,3,3,Female,50,1,2,2,1,2,5769,23447,1,1,14,3,1,0,10,3,3,10,7,1,4,10,2886.0,2883.0,5.0,36-45,No,0.10784248789907001,Low
45,No,0,336,Sales,26,3,2,1,Male,52,2,2,7,1,1,4385,24162,1,0,15,3,1,1,10,2,3,10,7,4,5,10,6231.0,-1846.0,2.0,36-45,No,0.08320813453321982,Low
31,No,1,715,Sales,2,4,4,4,Male,54,3,2,7,1,2,5332,21602,7,0,13,3,4,0,10,3,3,5,2,0,3,5,6231.0,-899.0,5.0,26-35,No,0.15880654770511213,Low
36,No,2,559,Research & Development,12,4,1,3,Female,76,3,2,4,3,1,4663,12421,9,1,12,3,2,2,7,2,3,3,2,1,1,3,6447.0,-1784.0,1.5,36-45,No,0.10673145860667158,Low
34,No,1,426,Research & Development,10,4,1,3,Male,42,4,2,4,4,0,4724,17000,1,0,13,3,1,1,9,3,3,9,7,7,2,9,6447.0,-1723.0,1.125,26-35,No,0.0471294703964853,Low
49,No,2,722,Research & Development,25,4,1,3,Female,84,3,1,2,1,1,3211,22102,1,0,14,3,4,1,10,3,2,9,6,1,4,9,2886.0,325.0,4.5,46-60,No,0.06607838829917871,Low
39,No,2,1387,Research & Development,10,5,3,2,Male,76,3,2,4,1,1,5377,3835,2,0,13,3,4,3,10,3,3,7,7,7,7,7,6447.0,-1070.0,0.875,36-45,No,0.028105525049474635,Low
27,No,2,1302,Research & Development,19,3,4,4,Male,67,2,1,2,1,0,4066,16290,1,0,11,3,1,2,7,3,3,7,7,0,7,7,2886.0,1180.0,7.0,26-35,No,0.06584536337422833,Low
35,No,2,819,Research & Development,18,5,1,2,Male,48,4,2,6,1,1,5208,26312,1,0,11,3,4,0,16,2,3,16,15,1,10,16,2887.5,2320.5,8.0,26-35,No,0.1000862299423693,Low
28,No,2,580,Research & Development,27,3,3,2,Female,39,1,2,4,1,0,4877,20460,0,0,21,4,2,1,6,5,2,5,3,0,0,5,6447.0,-1570.0,5.0,26-35,No,0.08420149564482945,Low
21,No,2,546,Research & Development,5,1,3,3,Male,97,3,1,6,4,2,3117,26009,1,0,18,3,3,0,3,2,3,2,2,2,2,2,2887.5,229.5,0.6666666666666666,18-25,No,0.07349026902053872,Low
18,Yes,1,544,Sales,3,2,3,2,Female,70,3,1,8,4,2,1569,18420,1,1,12,3,3,0,0,2,4,0,0,0,0,0,2579.0,-1010.0,0.0,,Yes,0.9164958871537819,High
47,No,2,1176,Human Resources,26,4,1,4,Female,98,3,5,3,3,1,19658,5220,3,0,11,3,3,1,27,2,3,5,2,1,0,5,17454.5,2203.5,2.5,46-60,No,0.028392139424126585,Low
39,No,2,170,Research & Development,3,2,3,3,Male,76,2,2,2,3,0,3069,10302,0,0,15,3,4,1,11,3,3,10,8,0,7,10,2886.0,183.0,10.0,36-45,No,0.023488154060103062,Low
40,No,2,884,Research & Development,15,3,1,1,Female,80,2,3,4,3,1,10435,25800,1,0,13,3,4,2,18,2,3,18,15,14,12,18,6447.0,3988.0,1.2,36-45,No,0.030202876798735172,Low
35,No,0,208,Research & Development,8,4,1,3,Female,52,3,2,0,3,1,4148,12250,1,0,12,3,4,1,15,5,3,14,11,2,9,14,6811.0,-2663.0,4.666666666666667,26-35,No,0.013322529884840107,Low
37,No,2,671,Research & Development,19,3,1,3,Male,85,3,2,4,3,1,5768,26493,3,0,17,3,1,3,9,2,2,4,3,0,2,4,6447.0,-679.0,4.0,36-45,No,0.03622313473689323,Low
39,No,1,711,Research & Development,4,3,3,1,Female,81,3,2,4,3,2,5042,3140,0,0,13,3,4,0,10,2,1,9,2,3,8,9,6447.0,-1405.0,2.25,36-45,No,0.06827645346587373,Low
45,No,2,1329,Research & Development,2,2,4,4,Female,59,2,2,4,4,0,5770,5388,1,0,19,3,1,2,10,3,3,10,7,3,9,10,6447.0,-677.0,2.5,36-45,No,0.027614863955205907,Low
38,No,2,397,Research & Development,2,2,3,4,Female,54,2,3,4,3,1,7756,14199,3,1,19,3,4,1,10,6,4,5,4,0,2,5,6447.0,1309.0,5.0,36-45,No,0.04056668237709261,Low
35,Yes,2,737,Sales,10,3,3,4,Male,55,2,3,7,1,1,10306,21530,9,0,17,3,3,0,15,3,3,13,12,6,0,13,6231.0,4075.0,1.8571428571428572,26-35,Yes,0.5798186522563301,Low
37,No,2,1470,Research & Development,10,3,3,2,Female,71,3,1,6,2,1,3936,9953,1,0,11,3,1,1,8,2,1,8,4,7,7,8,2887.5,1048.5,1.0,36-45,No,0.097483069253039,Low
40,No,2,448,Research & Development,16,3,1,3,Female,84,3,3,4,4,2,7945,19948,6,1,15,3,4,0,18,2,2,4,2,3,3,4,6447.0,1498.0,1.0,36-45,No,0.14616023584016796,Low
44,No,1,602,Human Resources,1,5,0,1,Male,37,3,2,1,4,1,5743,10503,4,1,11,3,3,0,14,3,3,10,7,0,2,10,3093.0,2650.0,10.0,36-45,No,0.07229131314673458,Low
48,No,1,365,Research & Development,4,5,3,3,Male,89,2,4,3,4,1,15202,5602,2,0,25,4,2,1,23,3,3,2,2,2,2,2,17454.5,-2252.5,0.6666666666666666,46-60,No,0.024392600756914077,Low
35,Yes,2,763,Sales,15,2,3,1,Male,59,1,2,7,4,0,5440,22098,6,1,14,3,4,2,7,2,2,2,2,2,2,2,6231.0,-791.0,0.6666666666666666,26-35,Yes,0.6968510023034653,High
24,No,1,567,Research & Development,2,1,5,1,Female,32,3,1,6,4,2,3760,17218,1,1,13,3,3,0,6,2,3,6,3,1,3,6,2887.5,872.5,3.0,18-25,No,0.3008733193420979,Low
27,No,2,486,Research & Development,8,3,3,2,Female,86,4,1,6,3,1,3517,22490,7,0,17,3,1,0,5,0,3,3,2,0,2,3,2887.5,629.5,3.0,26-35,No,0.11953593085499747,Low
27,No,1,591,Research & Development,2,3,3,4,Male,87,3,1,6,4,2,2580,6297,2,0,13,3,3,0,6,0,2,4,2,1,2,4,2887.5,-307.5,2.0,26-35,No,0.02872952002179123,Low
40,Yes,2,1329,Research & Development,7,3,1,1,Male,73,3,1,2,1,2,2166,3339,3,1,14,3,2,0,10,3,1,4,2,0,3,4,2886.0,-720.0,4.0,36-45,Yes,0.7027098225166761,High
29,No,2,469,Sales,10,3,3,3,Male,42,2,2,7,3,2,5869,23413,9,0,11,3,3,0,8,2,3,5,2,1,4,5,6231.0,-362.0,2.5,26-35,No,0.1355898518152183,Low
36,No,2,711,Research & Development,5,4,1,2,Female,42,3,3,0,1,1,8008,22792,4,0,12,3,3,2,9,6,3,3,2,0,2,3,6811.0,1197.0,3.0,36-45,No,0.025105981098314235,Low
25,No,1,772,Research & Development,2,1,1,4,Male,77,4,2,4,3,0,5206,4973,1,0,17,3,3,2,7,6,3,7,7,0,7,7,6447.0,-1241.0,7.0,18-25,No,0.02060928964843724,Low
39,No,2,492,Research & Development,12,3,3,4,Male,66,3,2,4,2,1,5295,7693,4,0,21,4,3,0,7,3,3,5,4,1,0,5,6447.0,-1152.0,2.5,36-45,No,0.08990058028747247,Low
49,No,2,301,Research & Development,22,4,4,1,Female,72,3,4,5,2,1,16413,3498,3,0,16,3,2,2,27,2,3,4,2,1,2,4,16510.0,-97.0,2.0,46-60,No,0.03371556804093146,Low
50,No,2,813,Research & Development,17,5,1,4,Female,50,2,3,5,1,0,13269,21981,5,0,15,3,3,3,19,3,3,14,11,1,11,14,16510.0,-3241.0,7.0,46-60,No,0.019898116156719096,Low
20,No,2,1141,Sales,2,3,3,3,Female,31,3,1,8,3,2,2783,13251,1,0,19,3,1,0,2,3,3,2,2,2,2,2,2579.0,204.0,0.6666666666666666,18-25,No,0.16515902282563494,Low
34,No,2,1130,Research & Development,3,3,1,4,Female,66,3,2,6,2,0,5433,19332,1,0,12,3,3,1,11,2,3,11,8,7,9,11,2887.5,2545.5,1.375,26-35,No,0.017471639307006927,Low
36,No,2,311,Research & Development,7,3,1,1,Male,77,3,1,2,2,2,2013,10950,2,0,11,3,3,0,15,4,3,4,3,1,3,4,2886.0,-873.0,2.0,36-45,No,0.11400573537512455,Low
49,No,2,465,Research & Development,6,1,1,3,Female,41,2,4,0,3,1,13966,11652,2,1,19,3,2,1,30,3,3,15,11,2,12,15,6811.0,7155.0,5.0,46-60,No,0.01567006743949486,Low
36,No,0,894,Research & Development,1,4,3,4,Female,33,2,2,4,3,1,4374,15411,0,0,15,3,3,0,4,6,3,3,2,1,2,3,6447.0,-2073.0,1.5,36-45,No,0.028522274795604114,Low
36,No,2,1040,Research & Development,3,2,1,4,Male,79,4,2,0,1,0,6842,26308,6,0,20,4,1,1,13,3,3,5,4,0,4,5,6811.0,31.0,5.0,36-45,No,0.045647850029265,Low
54,No,2,584,Research & Development,22,5,3,2,Female,91,3,4,3,3,1,17426,18685,3,0,25,4,3,1,36,6,3,10,8,4,7,10,17454.5,-28.5,2.0,46-60,No,0.02013539327091527,Low
43,No,2,1291,Research & Development,15,2,1,3,Male,65,2,4,5,3,1,17603,3525,1,0,24,4,1,1,14,3,3,14,10,6,11,14,16510.0,1093.0,2.0,36-45,No,0.03430613398065966,Low
35,Yes,1,880,Sales,12,4,4,4,Male,36,3,2,7,4,2,4581,10414,3,1,24,4,1,0,13,2,4,11,9,6,7,11,6231.0,-1650.0,1.5714285714285714,26-35,No,0.275468286575252,Low
38,No,1,1189,Research & Development,1,3,1,4,Male,90,3,2,6,4,1,4735,9867,7,0,15,3,4,2,19,4,4,13,11,2,9,13,2887.5,1847.5,4.333333333333333,36-45,No,0.026649164411392867,Low
29,No,2,991,Sales,5,3,3,1,Male,43,2,2,7,2,0,4187,3356,1,1,13,3,2,1,10,3,2,10,0,0,9,10,6231.0,-2044.0,10.0,26-35,No,0.0588781980388666,Low
33,No,2,392,Sales,2,4,3,4,Male,93,3,2,7,4,0,5505,3921,1,0,14,3,3,2,6,5,3,6,2,0,4,6,6231.0,-726.0,6.0,26-35,No,0.02055251741009648,Low
32,No,2,977,Research & Development,2,3,3,4,Male,45,3,2,6,2,0,5470,25518,0,0,13,3,3,2,10,4,2,9,5,1,6,9,2887.5,2582.5,4.5,26-35,No,0.031050794538663773,Low
31,No,2,1112,Sales,5,4,1,1,Female,67,3,2,7,4,1,5476,22589,1,0,11,3,1,2,10,2,3,10,0,0,2,10,6231.0,-755.0,10.0,26-35,No,0.0410979894106255,Low
49,No,2,464,Research & Development,16,3,3,4,Female,74,3,1,2,1,0,2587,24941,4,1,16,3,2,1,17,2,2,2,2,2,2,2,2886.0,-299.0,0.6666666666666666,46-60,No,0.12320256203416761,Low
38,No,1,148,Research & Development,2,3,3,4,Female,42,2,1,2,2,2,2440,23826,1,0,22,4,2,0,4,3,3,4,3,3,3,4,2886.0,-446.0,1.0,36-45,No,0.07335668029589386,Low
47,No,2,1225,Sales,2,4,1,2,Female,47,4,4,3,2,0,15972,21086,6,0,14,3,3,3,29,2,3,3,2,1,2,3,17454.5,-1482.5,1.5,46-60,No,0.024479838213725454,Low
49,No,2,809,Research & Development,1,3,1,3,Male,36,3,4,3,3,2,15379,22384,4,0,14,3,1,0,23,2,3,8,7,0,0,8,17454.5,-2075.5,8.0,46-60,No,0.008768186263861113,Low
41,No,2,1206,Sales,23,2,1,4,Male,80,3,3,7,3,2,7082,11591,3,1,16,3,4,0,21,2,3,2,0,0,2,2,6231.0,851.0,2.0,36-45,No,0.10510422238165922,Low
20,No,2,727,Sales,9,1,1,4,Male,54,3,1,8,1,2,2728,21082,1,0,11,3,1,0,2,3,3,2,2,0,2,2,2579.0,149.0,2.0,18-25,No,0.17699266978637146,Low
33,No,0,530,Sales,16,3,1,3,Female,36,3,2,7,4,0,5368,16130,1,1,25,4,3,1,7,2,3,6,5,1,2,6,6231.0,-863.0,3.0,26-35,No,0.0603407257765706,Low
36,No,2,1351,Research & Development,26,4,1,1,Male,80,3,2,0,3,1,5347,7419,6,0,14,3,2,2,10,2,2,3,2,0,2,3,6811.0,-1464.0,3.0,36-45,No,0.03728892772867328,Low
44,No,2,528,Human Resources,1,3,1,3,Female,44,3,1,1,4,0,3195,4167,4,1,18,3,1,3,8,2,3,2,2,2,2,2,3093.0,102.0,0.6666666666666666,36-45,No,0.0844412000709234,Low
23,Yes,2,1320,Research & Development,8,1,3,4,Male,93,2,1,2,3,2,3989,20586,1,1,11,3,1,0,5,2,3,5,4,1,2,5,2886.0,1103.0,2.5,18-25,Yes,0.6169928152088725,High
38,No,2,1495,Research & Development,4,2,3,4,Female,87,3,1,2,3,1,3306,26176,7,0,19,3,4,1,7,5,2,0,0,0,0,0,2886.0,420.0,0.0,36-45,No,0.07360028640013627,Low
53,No,2,1395,Research & Development,24,4,3,2,Male,48,4,3,0,4,1,7005,3458,3,0,15,3,3,0,11,2,3,4,3,1,2,4,6811.0,194.0,2.0,46-60,No,0.050403190403279056,Low
48,Yes,1,708,Sales,7,2,3,4,Female,95,3,1,8,3,1,2655,11740,2,1,11,3,3,2,19,3,3,9,7,7,7,9,2579.0,76.0,1.125,46-60,No,0.1796668674811347,Low
32,Yes,2,1259,Research & Development,2,4,1,4,Male,95,3,1,2,2,2,1393,24852,1,0,12,3,1,0,1,2,3,1,0,0,0,1,2886.0,-1493.0,1.0,26-35,Yes,0.785977714540774,High
26,No,0,786,Research & Development,7,3,3,4,Male,76,3,1,2,4,2,2570,11925,1,0,20,4,3,0,7,5,3,7,7,5,7,7,2886.0,-316.0,1.1666666666666667,26-35,No,0.03675620337461501,Low
55,No,2,1441,Research & Development,22,3,5,1,Male,94,2,1,6,2,0,3537,23737,5,0,12,3,4,1,8,1,3,4,2,1,2,4,2887.5,649.5,2.0,46-60,No,0.05238888584967502,Low
34,No,2,1157,Research & Development,5,2,3,2,Male,57,2,2,2,4,1,3986,11912,1,0,14,3,3,1,15,3,4,15,10,4,13,15,2886.0,1100.0,3.0,26-35,No,0.026071659282147042,Low
60,No,2,370,Research & Development,1,4,3,3,Male,92,1,3,0,4,0,10883,20467,3,0,20,4,3,1,19,2,4,1,0,0,0,1,6811.0,4072.0,1.0,46-60,No,0.044306899571890816,Low
33,No,2,267,Research & Development,21,3,3,2,Male,79,4,1,2,2,1,2028,13637,1,0,18,3,4,3,14,6,3,14,11,2,13,14,2886.0,-858.0,4.666666666666667,26-35,No,0.15872776268881789,Low
37,No,1,1278,Sales,1,4,3,3,Male,31,1,2,7,4,0,9525,7677,1,0,14,3,3,2,6,2,2,6,3,1,3,6,6231.0,3294.0,3.0,36-45,No,0.11686626137065849,Low
34,No,2,678,Research & Development,19,3,1,2,Female,35,2,1,6,4,1,2929,20338,1,0,12,3,2,0,10,3,3,10,9,8,7,10,2887.5,41.5,1.1111111111111112,26-35,No,0.05236989042954651,Low
23,Yes,2,427,Sales,7,3,1,3,Male,99,3,1,8,4,0,2275,25103,1,1,21,4,2,1,3,2,3,3,2,0,2,3,2579.0,-304.0,3.0,18-25,Yes,0.6715487363643794,High
44,No,2,921,Research & Development,2,3,1,3,Female,96,4,3,0,4,1,7879,14810,1,1,19,3,2,1,9,2,3,8,7,6,7,8,6811.0,1068.0,1.1428571428571428,36-45,No,0.0212370998675218,Low
35,No,1,146,Research & Development,2,4,3,1,Male,79,2,1,6,4,2,4930,13970,0,1,14,3,3,0,6,2,4,5,4,1,4,5,2887.5,2042.5,2.5,26-35,No,0.20367732515328918,Low
43,No,2,1179,Sales,2,3,3,4,Male,73,3,2,7,4,1,7847,6069,1,1,17,3,1,1,10,3,3,10,9,8,8,10,6231.0,1616.0,1.1111111111111112,36-45,No,0.09207099073499407,Low
24,No,2,581,Research & Development,9,3,3,3,Male,62,4,1,6,3,1,4401,17616,1,0,16,3,4,1,5,1,3,5,3,0,4,5,2887.5,1513.5,5.0,18-25,No,0.03991444516842619,Low
41,No,2,918,Sales,6,3,2,4,Male,35,3,3,7,3,2,9241,15869,1,0,12,3,2,0,10,3,3,10,8,8,7,10,6231.0,3010.0,1.1111111111111112,36-45,No,0.07305169569983913,Low
29,No,2,1082,Research & Development,9,4,3,4,Female,43,3,1,2,3,1,2974,25412,9,0,17,3,3,1,9,2,3,5,3,1,2,5,2886.0,88.0,2.5,26-35,No,0.08145210896548233,Low
36,No,2,530,Sales,2,4,1,3,Female,51,3,2,8,4,2,4502,7439,3,0,15,3,3,0,17,2,2,13,7,6,7,13,2579.0,1923.0,1.8571428571428572,36-45,No,0.11485965815170122,Low
45,No,0,1238,Research & Development,1,1,1,3,Male,74,2,3,0,3,1,10748,3395,3,0,23,4,4,1,25,3,2,23,15,14,4,23,6811.0,3937.0,1.5333333333333334,36-45,No,0.02015919043824648,Low
24,Yes,2,240,Human Resources,22,1,0,4,Male,58,1,1,1,3,1,1555,11585,1,0,11,3,3,1,1,2,3,1,0,0,0,1,3093.0,-1538.0,1.0,18-25,Yes,0.7664867724867723,High
47,Yes,1,1093,Sales,9,3,1,3,Male,82,1,4,7,3,1,12936,24164,7,0,11,3,3,0,25,3,1,23,5,14,10,23,6231.0,6705.0,1.5333333333333334,46-60,Yes,0.7429216950139602,High
26,No,2,390,Research & Development,17,4,3,4,Male,62,1,1,2,3,1,2305,6217,1,0,15,3,3,3,3,3,4,3,2,0,2,3,2886.0,-581.0,3.0,26-35,No,0.0968125365784578,Low
45,No,2,1005,Research & Development,28,2,5,4,Female,48,2,4,5,2,2,16704,17119,1,0,11,3,3,0,21,2,3,21,6,8,6,21,16510.0,194.0,2.3333333333333335,36-45,No,0.026424833790498415,Low
32,No,1,585,Research & Development,10,3,1,1,Male,56,3,1,6,3,1,3433,17360,6,0,13,3,1,1,10,3,2,5,2,1,3,5,2887.5,545.5,2.5,26-35,No,0.12123534240845875,Low
31,No,2,741,Research & Development,2,4,1,2,Male,69,3,1,2,3,1,3477,18103,1,0,14,3,4,1,6,2,4,5,2,0,3,5,2886.0,591.0,5.0,26-35,No,0.03310092362432795,Low
41,No,0,552,Human Resources,4,3,0,3,Male,60,1,2,1,2,1,6430,20794,6,0,19,3,2,1,10,4,3,3,2,1,2,3,3093.0,3337.0,1.5,36-45,No,0.08986165007872236,Low
40,No,2,369,Research & Development,8,2,1,2,Female,92,3,2,4,1,1,6516,5041,2,1,16,3,2,1,18,3,3,1,0,0,0,1,6447.0,69.0,1.0,36-45,No,0.11102541525064666,Low
24,No,2,506,Research & Development,29,1,3,2,Male,91,3,1,2,1,0,3907,3622,1,0,13,3,2,3,6,2,4,6,2,1,2,6,2886.0,1021.0,3.0,18-25,No,0.0988324191977731,Low
46,No,2,717,Research & Development,13,4,1,3,Male,34,3,2,0,2,2,5562,9697,6,0,14,3,4,0,19,3,3,10,7,0,9,10,6811.0,-1249.0,10.0,46-60,No,0.03197798058870755,Low
35,No,2,1370,Research & Development,27,4,1,4,Male,49,3,2,4,3,1,6883,5151,2,0,16,3,2,1,17,3,3,7,7,0,7,7,6447.0,436.0,7.0,26-35,No,0.018833857911818814,Low
30,No,2,793,Research & Development,16,1,1,2,Male,33,3,1,6,4,1,2862,3811,1,0,12,3,2,1,10,2,2,10,0,0,8,10,2887.5,-25.5,10.0,26-35,No,0.03248203568133252,Low
47,No,0,543,Sales,2,4,2,3,Male,87,3,2,7,2,1,4978,3536,7,0,11,3,4,1,4,3,1,1,0,0,0,1,6231.0,-1253.0,1.0,46-60,No,0.06853368890140125,Low
46,No,2,1277,Sales,2,3,1,3,Male,74,3,3,7,4,0,10368,5596,4,1,12,3,2,1,13,5,2,10,6,0,3,10,6231.0,4137.0,10.0,46-60,No,0.05022260364258451,Low
36,Yes,2,1456,Sales,13,5,2,2,Male,96,2,2,7,1,0,6134,8658,5,1,13,3,2,3,16,3,3,2,2,2,2,2,6231.0,-97.0,0.6666666666666666,36-45,No,0.17441376616864024,Low
32,Yes,2,964,Sales,1,2,1,1,Male,34,1,2,7,2,2,6735,12147,6,0,15,3,2,0,10,2,3,0,0,0,0,0,6231.0,504.0,0.0,26-35,Yes,0.6782150726796164,High
23,No,2,160,Research & Development,4,1,3,3,Female,51,3,1,2,2,2,3295,12862,1,0,13,3,3,0,3,3,1,3,2,1,2,3,2886.0,409.0,1.5,18-25,No,0.24146967881219036,Low
31,No,1,163,Research & Development,24,1,5,4,Female,30,3,2,4,4,2,5238,6670,2,0,20,4,4,0,9,3,2,5,4,1,4,5,6447.0,-1209.0,2.5,26-35,No,0.05229279887162185,Low
39,No,0,792,Research & Development,1,3,1,4,Male,77,3,2,2,4,1,6472,8989,1,1,15,3,4,1,9,2,3,9,8,5,8,9,2886.0,3586.0,1.5,36-45,No,0.04981148749750293,Low
32,No,2,371,Sales,19,3,1,4,Male,80,1,3,7,3,1,9610,3840,3,0,13,3,3,1,10,2,1,4,3,0,2,4,6231.0,3379.0,4.0,26-35,No,0.20847388854467355,Low
40,No,2,611,Sales,7,4,3,2,Male,88,3,5,3,2,2,19833,4349,1,0,14,3,2,0,21,3,2,21,8,12,8,21,17454.5,2378.5,1.6153846153846154,36-45,No,0.037190887813469915,Low
45,No,2,176,Human Resources,4,3,1,3,Female,56,1,3,1,3,1,9756,6595,4,0,21,4,3,2,9,2,4,5,0,0,3,5,3093.0,6663.0,5.0,36-45,No,0.07166683899827293,Low
30,No,1,1312,Research & Development,2,4,5,4,Female,78,2,1,6,1,2,4968,26427,0,0,16,3,4,0,10,2,3,9,7,0,7,9,2887.5,2080.5,9.0,26-35,No,0.061808947294185936,Low
24,No,1,897,Human Resources,10,3,3,1,Male,59,3,1,1,4,1,2145,2097,0,0,14,3,4,1,3,2,3,2,2,2,1,2,3093.0,-948.0,0.6666666666666666,18-25,No,0.10981155240443835,Low
30,Yes,1,600,Human Resources,8,3,0,3,Female,66,2,1,1,4,0,2180,9732,6,0,11,3,3,1,6,0,2,4,2,1,2,4,3093.0,-913.0,2.0,26-35,Yes,0.5700129761774568,Low
31,No,2,1003,Sales,5,3,5,1,Male,51,3,2,7,3,1,8346,20943,1,0,19,3,3,1,6,3,3,5,2,0,2,5,6231.0,2115.0,5.0,26-35,No,0.04919169707706159,Low
27,No,2,1054,Research & Development,8,3,3,3,Female,67,3,1,6,4,2,3445,6152,1,0,11,3,3,0,6,5,2,6,2,1,4,6,2887.5,557.5,3.0,26-35,No,0.0795505127822162,Low
29,Yes,2,428,Sales,9,3,2,2,Female,52,1,1,8,2,2,2760,14630,1,0,13,3,3,0,2,3,3,2,2,2,2,2,2579.0,181.0,0.6666666666666666,26-35,Yes,0.6693603075216372,High
29,No,1,461,Research & Development,1,3,1,4,Male,70,4,2,0,3,2,6294,23060,8,1,12,3,4,0,10,5,4,3,2,0,2,3,6811.0,-517.0,3.0,26-35,No,0.1711512736565771,Low
30,No,2,979,Sales,15,2,2,3,Male,94,2,3,7,1,0,7140,3088,2,0,11,3,1,1,12,2,3,7,7,1,7,7,6231.0,909.0,3.5,26-35,No,0.05410681286052948,Low
34,No,2,181,Research & Development,2,4,3,4,Male,97,4,1,6,4,1,2932,5586,0,1,14,3,1,3,6,3,3,5,0,1,2,5,2887.5,44.5,2.5,26-35,No,0.05205149767221482,Low
33,No,0,1283,Sales,2,3,2,4,Female,62,3,2,7,2,2,5147,10697,8,0,15,3,4,0,13,2,2,11,7,1,7,11,6231.0,-1084.0,5.5,26-35,No,0.12448944683385993,Low
49,No,2,1313,Sales,11,4,2,4,Female,80,3,2,7,4,2,4507,8191,3,0,12,3,3,0,8,1,4,5,1,0,4,5,6231.0,-1724.0,5.0,46-60,No,0.06975260954064742,Low
33,Yes,2,211,Sales,16,3,1,1,Female,74,3,3,7,1,2,8564,10092,2,1,20,4,3,0,11,2,2,0,0,0,0,0,6231.0,2333.0,0.0,26-35,Yes,0.7291873555605661,High
38,No,1,594,Research & Development,2,2,3,3,Female,75,2,1,2,2,1,2468,15963,4,0,14,3,2,1,9,4,2,6,1,0,5,6,2886.0,-418.0,6.0,36-45,No,0.030995959386437774,Low
31,Yes,2,1079,Sales,16,4,2,1,Male,70,3,3,7,3,1,8161,19002,2,0,13,3,1,3,10,2,3,1,0,0,0,1,6231.0,1930.0,1.0,26-35,Yes,0.6399380638925029,High
29,No,2,590,Research & Development,4,3,5,4,Female,91,2,1,6,1,0,2109,10007,1,0,13,3,3,1,1,2,3,1,0,0,0,1,2887.5,-778.5,1.0,26-35,No,0.2995624104813507,Low
30,No,2,305,Research & Development,16,3,1,3,Male,58,4,2,0,3,1,5294,9128,3,0,16,3,3,1,10,3,3,7,0,1,7,7,6811.0,-1517.0,3.5,26-35,No,0.028351203371779286,Low
32,No,0,953,Research & Development,5,4,5,2,Male,65,3,1,6,2,2,2718,17674,2,0,14,3,2,0,12,3,3,7,7,0,7,7,2887.5,-169.5,7.0,26-35,No,0.03168353092133876,Low
38,No,2,833,Research & Development,18,3,3,2,Male,60,1,2,0,4,1,5811,24539,3,1,16,3,3,1,15,2,3,1,0,1,0,1,6811.0,-1000.0,0.5,36-45,No,0.10595241086296686,Low
43,Yes,1,807,Research & Development,17,3,5,3,Male,38,2,1,6,3,1,2437,15587,9,1,16,3,4,1,6,4,3,1,0,0,0,1,2887.5,-450.5,1.0,36-45,Yes,0.7626024085704673,High
42,No,2,855,Research & Development,12,3,3,2,Male,57,3,1,2,2,0,2766,8952,8,0,22,4,2,3,7,6,2,5,3,0,4,5,2886.0,-120.0,5.0,36-45,No,0.13685215333346248,Low
55,No,2,478,Research & Development,2,3,3,3,Male,60,2,5,5,1,1,19038,19805,8,0,12,3,2,3,34,2,3,1,0,0,0,1,16510.0,2528.0,1.0,46-60,No,0.1055178193279991,Low
33,No,0,775,Research & Development,4,3,5,4,Male,90,3,2,6,2,0,3055,6194,5,0,15,3,4,2,11,2,2,9,8,1,7,9,2887.5,167.5,4.5,26-35,No,0.03360613837381729,Low
41,No,2,548,Research & Development,9,4,1,3,Male,94,3,1,2,1,0,2289,20520,1,0,20,4,2,2,5,2,3,5,3,0,4,5,2886.0,-597.0,5.0,36-45,No,0.049701840014796723,Low
34,No,0,1375,Sales,10,3,1,4,Male,87,3,2,7,3,0,4001,12313,1,1,14,3,3,1,15,3,3,15,14,0,7,15,6231.0,-2230.0,15.0,26-35,No,0.04940382258793772,Low
53,No,0,661,Research & Development,1,4,3,1,Female,60,2,4,4,3,1,12965,22308,4,1,20,4,4,3,27,2,2,3,2,0,2,3,6447.0,6518.0,3.0,46-60,No,0.05831977943629763,Low
43,No,2,244,Human Resources,2,3,1,2,Male,97,3,1,1,4,2,3539,5033,0,0,13,3,2,0,10,5,3,9,7,1,8,9,3093.0,446.0,4.5,36-45,No,0.07114410984341318,Low
34,No,2,511,Sales,3,2,1,4,Female,32,1,2,7,4,2,6029,25353,5,0,12,3,1,0,6,3,3,2,2,2,2,2,6231.0,-202.0,0.6666666666666666,26-35,No,0.12076277110066819,Low
21,Yes,2,337,Sales,7,1,2,2,Male,31,3,1,8,2,2,2679,4567,1,0,13,3,2,0,1,3,3,1,0,1,0,1,2579.0,100.0,0.5,18-25,Yes,0.8033812282165423,High
38,No,2,1153,Research & Development,6,2,4,4,Female,40,2,1,2,3,1,3702,16376,1,0,11,3,2,1,5,3,3,5,4,0,4,5,2886.0,816.0,5.0,36-45,No,0.03154228951076665,Low
22,Yes,2,1294,Research & Development,8,1,3,3,Female,79,3,1,2,1,1,2398,15999,1,1,17,3,3,0,1,6,3,1,0,0,0,1,2886.0,-488.0,1.0,18-25,Yes,0.8337529743791352,High
31,No,2,196,Sales,29,4,2,1,Female,91,2,2,7,4,1,5468,13402,1,0,14,3,1,2,13,3,3,12,7,5,7,12,6231.0,-763.0,2.0,26-35,No,0.1423132526181914,Low
51,No,2,942,Research & Development,3,3,5,1,Female,53,3,3,3,3,1,13116,22984,2,0,11,3,4,0,15,2,3,2,2,2,2,2,17454.5,-4338.5,0.6666666666666666,46-60,No,0.056983410659442374,Low
37,No,2,589,Sales,9,2,2,2,Male,46,2,2,7,2,1,4189,8800,1,0,14,3,1,2,5,2,3,5,2,0,3,5,6231.0,-2042.0,5.0,36-45,No,0.03953933960506805,Low
46,No,2,734,Research & Development,2,4,3,3,Male,46,3,5,5,4,0,19328,14218,7,1,17,3,3,1,24,3,3,2,1,2,2,2,16510.0,2818.0,0.6666666666666666,46-60,No,0.045665001923721374,Low
36,No,2,1383,Research & Development,10,3,1,4,Male,90,3,3,0,1,1,8321,25949,7,1,13,3,4,1,15,1,3,12,8,5,7,12,6811.0,1510.0,2.0,36-45,No,0.04541140930994921,Low
44,Yes,1,429,Research & Development,1,2,3,3,Male,99,3,1,6,2,0,2342,11092,1,1,12,3,3,3,6,2,2,5,3,2,3,5,2887.5,-545.5,1.6666666666666667,36-45,Yes,0.5649189034219357,Low
37,No,2,1239,Human Resources,8,2,4,3,Male,89,3,2,1,2,0,4071,12832,2,0,13,3,3,0,19,4,2,10,0,4,7,10,3093.0,978.0,2.0,36-45,No,0.05753462809664555,Low
35,Yes,2,303,Sales,27,3,1,3,Male,84,3,2,7,4,2,5813,13492,1,1,18,3,4,0,10,2,3,10,7,7,7,10,6231.0,-418.0,1.25,26-35,Yes,0.5369299953907712,Low
33,No,2,867,Research & Development,8,4,1,4,Male,90,4,1,6,1,1,3143,6076,6,0,19,3,2,1,14,1,3,10,8,7,6,10,2887.5,255.5,1.25,26-35,No,0.04749350339335349,Low
28,No,2,1181,Research & Development,1,3,1,3,Male,82,3,1,6,4,1,2044,5531,1,0,11,3,3,1,5,6,4,5,3,0,3,5,2887.5,-843.5,5.0,26-35,No,0.08657638738613722,Low
39,No,2,1253,Research & Development,10,1,3,3,Male,65,3,3,5,3,2,13464,7914,7,0,21,4,3,0,9,3,3,4,3,2,2,4,16510.0,-3046.0,1.3333333333333333,36-45,No,0.040861285703289944,Low
46,No,0,849,Sales,26,2,1,2,Male,98,2,2,7,2,2,7991,25166,8,0,15,3,3,0,6,3,3,2,2,2,2,2,6231.0,1760.0,0.6666666666666666,46-60,No,0.13185220007154516,Low
40,No,2,616,Research & Development,2,2,1,3,Female,99,3,1,2,1,1,3377,25605,4,0,17,3,4,1,7,5,2,4,3,0,2,4,2886.0,491.0,4.0,36-45,No,0.05047587079362976,Low
42,No,2,1128,Research & Development,13,3,3,2,Male,95,4,2,0,1,1,5538,5696,5,0,18,3,3,2,10,2,2,0,0,0,0,0,6811.0,-1273.0,0.0,36-45,No,0.08233132774599827,Low
35,No,0,1180,Research & Development,2,2,3,2,Male,90,3,2,4,4,0,5762,24442,2,0,14,3,3,1,15,6,3,7,7,1,7,7,6447.0,-685.0,3.5,26-35,No,0.012888784473872506,Low
38,No,0,1336,Human Resources,2,3,0,1,Male,100,3,1,1,2,0,2592,7129,5,0,13,3,4,3,13,3,3,11,10,3,8,11,3093.0,-501.0,2.75,36-45,No,0.07562753156950018,Low
34,Yes,1,234,Research & Development,9,4,1,4,Male,93,3,2,2,1,1,5346,6208,4,0,17,3,3,1,11,3,2,7,1,0,7,7,2886.0,2460.0,7.0,26-35,No,0.42332327812854764,Low
37,Yes,2,370,Research & Development,10,4,3,4,Male,58,3,2,4,1,2,4213,4992,1,0,15,3,2,0,10,4,1,10,3,0,8,10,6447.0,-2234.0,10.0,36-45,No,0.4566244320474763,Low
39,No,1,766,Sales,20,3,1,3,Male,83,3,2,7,4,0,4127,19188,2,0,18,3,4,1,7,6,3,2,1,2,2,2,6231.0,-2104.0,0.6666666666666666,36-45,No,0.05156665901488974,Low
43,No,0,343,Research & Development,9,3,1,1,Male,52,3,1,6,3,2,2438,24978,4,0,13,3,3,0,7,2,2,3,2,1,2,3,2887.5,-449.5,1.5,36-45,No,0.13251630794115332,Low
41,No,2,447,Research & Development,5,3,1,2,Male,85,4,2,0,2,2,6870,15530,3,0,12,3,1,0,11,3,1,3,2,1,2,3,6811.0,59.0,1.5,36-45,No,0.047318374328771035,Low
41,No,2,796,Sales,4,1,2,3,Female,81,3,3,7,3,0,10447,26458,0,1,13,3,4,1,23,3,4,22,14,13,5,22,6231.0,4216.0,1.5714285714285714,36-45,No,0.06635399542817498,Low
30,No,2,1092,Research & Development,10,3,3,1,Female,64,3,3,4,3,2,9667,2739,9,0,14,3,2,0,9,3,3,7,7,0,2,7,6447.0,3220.0,7.0,26-35,No,0.14412833157130855,Low
26,Yes,2,920,Human Resources,20,2,3,4,Female,69,3,1,1,2,1,2148,6889,0,1,11,3,3,0,6,3,3,5,1,1,4,5,3093.0,-945.0,2.5,26-35,No,0.2804664694129004,Low
46,Yes,2,261,Research & Development,21,2,3,4,Female,66,3,2,0,2,1,8926,10842,4,0,22,4,4,1,13,2,4,9,7,3,7,9,6811.0,2115.0,2.25,46-60,No,0.404532024633658,Low
40,No,2,1194,Research & Development,1,3,1,3,Female,52,3,2,0,4,0,6513,9060,4,0,17,3,4,1,12,3,3,5,3,0,3,5,6811.0,-298.0,5.0,36-45,No,0.009956075807291624,Low
34,No,2,810,Sales,8,2,5,2,Male,92,4,2,7,3,1,6799,22128,1,0,21,4,3,2,10,5,3,10,8,4,8,10,6231.0,568.0,2.0,26-35,No,0.0347218556089814,Low
58,No,0,350,Sales,2,3,3,2,Male,52,3,4,3,2,0,16291,22577,4,0,22,4,4,1,37,0,2,16,9,14,14,16,17454.5,-1163.5,1.0666666666666667,46-60,No,0.07810826750181217,Low
35,No,2,185,Research & Development,23,4,3,2,Male,91,1,1,2,3,1,2705,9696,0,0,16,3,2,1,6,2,4,5,4,0,3,5,2886.0,-181.0,5.0,26-35,No,0.10986113501389178,Low
47,No,2,1001,Research & Development,4,3,1,3,Female,92,2,3,4,2,0,10333,19271,8,1,12,3,3,1,28,4,3,22,11,14,10,22,6447.0,3886.0,1.4666666666666666,46-60,No,0.025626049143450184,Low
40,No,2,750,Research & Development,12,3,1,2,Female,47,3,2,0,1,0,4448,10748,2,0,12,3,2,1,15,3,3,7,4,7,7,7,6811.0,-2363.0,0.875,36-45,No,0.039519023511031204,Low
54,No,2,431,Research & Development,7,4,3,4,Female,68,3,2,6,4,1,6854,15696,4,0,15,3,2,1,14,2,2,7,1,1,7,7,2887.5,3966.5,3.5,46-60,No,0.048619872278222655,Low
31,No,1,1125,Sales,7,4,2,1,Female,68,3,3,7,1,1,9637,8277,2,0,14,3,4,2,9,3,3,3,2,2,2,3,6231.0,3406.0,1.0,26-35,No,0.08068861337188953,Low
28,No,2,1217,Research & Development,1,3,3,3,Female,67,3,1,6,1,1,3591,12719,1,0,25,4,3,1,3,3,3,3,2,1,2,3,2887.5,703.5,1.5,26-35,No,0.07940160701335601,Low
38,No,2,723,Sales,2,4,2,2,Female,77,1,2,8,4,1,5405,4244,2,1,20,4,1,2,20,4,2,4,2,0,3,4,2579.0,2826.0,4.0,36-45,No,0.11922415133048839,Low
26,No,2,572,Sales,10,3,3,3,Male,46,3,2,7,4,2,4684,9125,1,0,13,3,1,0,5,4,3,5,3,1,2,5,6231.0,-1547.0,2.5,26-35,No,0.034717757413996596,Low
58,No,1,1216,Research & Development,15,4,1,1,Male,87,3,4,5,3,1,15787,21624,2,1,14,3,2,0,23,3,3,2,2,2,2,2,16510.0,-723.0,0.6666666666666666,46-60,No,0.038460483464689416,Low
18,No,0,1431,Research & Development,14,3,3,2,Female,33,3,1,6,3,2,1514,8018,1,0,16,3,3,0,0,4,1,0,0,0,0,0,2887.5,-1373.5,0.0,,Yes,0.5352451615148984,Low
31,Yes,2,359,Human Resources,18,5,0,4,Male,89,4,1,1,1,1,2956,21495,0,0,17,3,3,0,2,4,3,1,0,0,0,1,3093.0,-137.0,1.0,26-35,Yes,0.7657918780841848,High
29,Yes,2,350,Human Resources,13,3,0,1,Male,56,2,1,1,1,0,2335,3157,4,1,15,3,4,3,4,3,3,2,2,2,0,2,3093.0,-758.0,0.6666666666666666,26-35,Yes,0.7653885895211515,High
45,No,0,589,Sales,2,4,1,3,Female,67,3,2,7,3,1,5154,19665,4,0,22,4,2,2,10,3,4,8,7,5,7,8,6231.0,-1077.0,1.3333333333333333,36-45,No,0.041930742117639364,Low
36,No,2,430,Research & Development,2,4,4,4,Female,73,3,2,6,2,1,6962,19573,4,1,22,4,4,1,15,2,3,1,0,0,0,1,2887.5,4074.5,1.0,36-45,No,0.09224030333518586,Low
43,No,1,1422,Sales,2,4,1,1,Male,92,3,2,7,4,1,5675,19246,1,0,20,4,3,1,7,5,3,7,7,7,7,7,6231.0,-556.0,0.875,36-45,No,0.038537537198376305,Low
27,No,1,1297,Research & Development,5,2,1,4,Female,53,3,1,2,4,2,2379,19826,0,1,14,3,3,0,6,3,2,5,4,0,2,5,2886.0,-507.0,5.0,26-35,No,0.1389833097345923,Low
29,No,1,574,Research & Development,20,1,3,4,Male,40,3,1,2,4,1,3812,7003,1,0,13,3,2,0,11,3,4,11,8,3,10,11,2886.0,926.0,2.75,26-35,No,0.051068822599568485,Low
32,No,1,1318,Sales,10,4,2,4,Male,79,3,2,7,4,2,4648,26075,8,0,13,3,3,0,4,2,4,0,0,0,0,0,6231.0,-1583.0,0.0,26-35,No,0.17364404425054916,Low
42,No,0,355,Research & Development,10,4,5,3,Male,38,3,1,6,3,1,2936,6161,3,0,22,4,2,2,10,1,2,6,3,3,3,6,2887.5,48.5,1.5,36-45,No,0.04603194157302128,Low
47,No,2,207,Research & Development,9,4,1,2,Female,64,3,1,2,3,2,2105,5411,4,0,12,3,3,0,7,2,3,2,2,2,0,2,2886.0,-781.0,0.6666666666666666,46-60,No,0.07991882250586999,Low
46,No,2,706,Research & Development,2,2,1,4,Male,82,3,3,4,4,0,8578,19989,3,0,14,3,3,1,12,4,2,9,8,4,7,9,6447.0,2131.0,1.8,46-60,No,0.033278525360335105,Low
28,No,0,280,Human Resources,1,2,1,3,Male,43,3,1,1,4,0,2706,10494,1,0,15,3,2,1,3,2,3,3,2,2,2,3,3093.0,-387.0,1.0,26-35,No,0.04400235683476593,Low
29,No,2,726,Research & Development,29,1,1,4,Male,93,1,2,0,3,0,6384,21143,8,0,17,3,4,2,11,3,3,7,0,1,6,7,6811.0,-427.0,3.5,26-35,No,0.053733748755007,Low
42,No,2,1142,Research & Development,8,3,1,4,Male,81,3,1,2,3,2,3968,13624,4,0,13,3,4,0,8,3,3,0,0,0,0,0,2886.0,1082.0,0.0,36-45,No,0.060753656718302754,Low
32,Yes,2,414,Sales,2,4,2,3,Male,82,2,2,7,2,2,9907,26186,7,1,12,3,3,0,7,3,2,2,2,2,2,2,6231.0,3676.0,0.6666666666666666,26-35,Yes,0.7643856420144237,High
46,No,2,1319,Sales,3,3,5,1,Female,45,4,4,7,1,0,13225,7739,2,0,12,3,4,1,25,5,3,19,17,2,8,19,6231.0,6994.0,6.333333333333333,46-60,No,0.07306847709688265,Low
27,No,2,728,Sales,23,1,3,2,Female,36,2,2,8,3,1,3540,7018,1,0,21,4,4,1,9,5,3,9,8,5,8,9,2579.0,961.0,1.5,26-35,No,0.18129403998307814,Low
29,No,2,352,Human Resources,6,1,3,4,Male,87,2,1,1,2,1,2804,15434,1,0,11,3,4,0,1,3,3,1,0,0,0,1,3093.0,-289.0,1.0,26-35,No,0.2054934802076718,Low
43,No,2,823,Research & Development,6,3,3,1,Female,81,2,5,3,3,1,19392,22539,7,0,13,3,4,0,21,2,3,16,12,6,14,16,17454.5,1937.5,2.2857142857142856,36-45,No,0.06047492666527118,Low
48,No,2,1224,Research & Development,10,3,1,4,Male,91,2,5,5,2,1,19665,13583,4,0,12,3,4,0,29,3,3,22,10,12,9,22,16510.0,3155.0,1.6923076923076923,46-60,No,0.027902368374678604,Low
29,Yes,1,459,Research & Development,24,2,1,4,Male,73,2,1,6,4,2,2439,14753,1,1,24,4,2,0,1,3,2,1,0,1,0,1,2887.5,-448.5,0.5,26-35,Yes,0.906090811965812,High
46,Yes,2,1254,Sales,10,3,1,3,Female,64,3,3,7,2,1,7314,14011,5,0,21,4,3,3,14,2,3,8,7,0,7,8,6231.0,1083.0,8.0,46-60,No,0.393850227050363,Low
27,No,1,1131,Research & Development,15,3,1,4,Female,77,2,1,6,1,1,4774,23844,0,0,19,3,4,1,8,2,2,7,6,7,3,7,2887.5,1886.5,0.875,26-35,No,0.03940022352420777,Low
39,No,2,835,Research & Development,19,4,4,4,Male,41,3,2,6,4,0,3902,5141,8,0,14,3,2,3,7,2,3,2,2,2,2,2,2887.5,1014.5,0.6666666666666666,36-45,No,0.05148896165703544,Low
55,No,2,836,Research & Development,2,4,5,2,Male,98,2,1,6,4,1,2662,7975,8,0,20,4,2,1,19,2,4,5,2,0,4,5,2887.5,-225.5,5.0,46-60,No,0.04687713105697793,Low
28,No,2,1172,Sales,3,3,3,2,Female,78,3,1,8,2,1,2856,3692,1,0,19,3,4,1,1,3,3,1,0,0,0,1,2579.0,277.0,1.0,26-35,No,0.17535903237470846,Low
30,Yes,2,945,Sales,9,3,3,2,Male,89,3,1,8,4,2,1081,16019,1,0,13,3,3,0,1,3,2,1,0,0,0,1,2579.0,-1498.0,1.0,26-35,Yes,0.8817304024418934,High
22,Yes,2,391,Research & Development,7,1,1,4,Male,75,3,1,6,2,2,2472,26092,1,1,23,4,1,0,1,2,3,1,0,0,0,1,2887.5,-415.5,1.0,18-25,Yes,0.8327869731162233,High
36,No,2,1266,Sales,10,4,5,2,Female,63,2,2,7,3,1,5673,6060,1,1,13,3,1,1,10,4,3,10,9,1,7,10,6231.0,-558.0,5.0,36-45,No,0.03812860725753034,Low
31,No,2,311,Research & Development,20,3,1,2,Male,89,3,2,2,3,0,4197,18624,1,0,11,3,1,1,10,2,3,10,8,0,2,10,2886.0,1311.0,10.0,26-35,No,0.11223966748398909,Low
34,No,2,1480,Sales,4,3,1,3,Male,64,3,3,7,4,1,9713,24444,2,1,13,3,4,3,9,3,3,5,3,1,0,5,6231.0,3482.0,2.5,26-35,No,0.18578214885407526,Low
29,No,2,592,Research & Development,7,3,1,4,Male,59,3,1,2,1,2,2062,19384,3,0,14,3,2,0,11,2,3,3,2,1,2,3,2886.0,-824.0,1.5,26-35,No,0.08353751823384635,Low
37,No,2,783,Research & Development,7,4,3,4,Male,78,3,2,6,1,1,4284,13588,5,1,22,4,3,1,16,2,3,5,3,0,4,5,2887.5,1396.5,5.0,36-45,No,0.03227236195438597,Low
35,No,2,219,Research & Development,16,2,4,4,Female,44,2,2,4,2,1,4788,25388,0,1,11,3,4,0,4,2,3,3,2,0,2,3,6447.0,-1659.0,3.0,26-35,No,0.0850475623482153,Low
45,No,2,556,Research & Development,25,2,1,2,Female,93,2,2,4,4,1,5906,23888,0,0,13,3,4,2,10,2,2,9,8,3,8,9,6447.0,-541.0,2.25,36-45,No,0.04352970571008399,Low
36,No,1,1213,Human Resources,2,1,0,2,Male,94,2,2,1,4,2,3886,4223,1,0,21,4,4,0,10,2,2,10,1,0,8,10,3093.0,793.0,10.0,36-45,No,0.04240256845789584,Low
40,No,2,1137,Research & Development,1,4,1,1,Male,98,3,4,3,1,0,16823,18991,2,0,11,3,1,1,22,3,3,19,7,11,16,19,17454.5,-631.5,1.5833333333333333,36-45,No,0.026519323805669792,Low
26,No,2,482,Research & Development,1,2,1,2,Female,90,2,1,6,3,1,2933,14908,1,1,13,3,3,1,1,3,2,1,0,1,0,1,2887.5,45.5,0.5,26-35,No,0.43424899645485027,Low
27,No,2,511,Sales,2,2,3,1,Female,89,4,2,7,3,2,6500,26997,0,0,14,3,2,0,9,5,2,8,7,0,7,8,6231.0,269.0,8.0,26-35,No,0.1876664807330697,Low
48,No,1,117,Research & Development,22,3,3,4,Female,58,3,4,3,4,0,17174,2437,3,0,11,3,2,1,24,3,3,22,17,4,7,22,17454.5,-280.5,4.4,46-60,No,0.022318712089101665,Low
44,No,2,170,Research & Development,1,4,1,2,Male,78,4,2,0,1,1,5033,9364,2,0,15,3,4,1,10,5,3,2,0,2,2,2,6811.0,-1778.0,0.6666666666666666,36-45,No,0.058150410276110294,Low
34,Yes,0,967,Research & Development,16,4,5,4,Male,85,1,1,6,1,1,2307,14460,1,1,23,4,2,1,5,2,3,5,2,3,0,5,2887.5,-580.5,1.25,26-35,Yes,0.7352122654060426,High
56,Yes,2,1162,Research & Development,24,2,1,1,Male,97,3,1,2,4,2,2587,10261,1,0,16,3,4,0,5,3,3,4,2,1,0,4,2886.0,-299.0,2.0,46-60,Yes,0.593316487835015,Low
36,No,2,335,Sales,17,2,2,3,Male,33,2,2,7,2,1,5507,16822,2,0,16,3,3,2,12,1,1,4,2,1,3,4,6231.0,-724.0,2.0,36-45,No,0.17232055822286463,Low
41,No,2,337,Sales,8,3,2,3,Female,54,3,2,7,2,1,4393,26841,5,0,21,4,3,1,14,3,3,5,4,1,4,5,6231.0,-1838.0,2.5,36-45,No,0.05170140417331493,Low
42,No,2,1396,Research & Development,6,3,3,3,Male,83,3,3,5,1,1,13348,14842,9,0,13,3,2,1,18,3,4,13,7,5,7,13,16510.0,-3162.0,2.1666666666666665,36-45,No,0.01645425860391707,Low
31,No,2,1079,Sales,10,2,3,3,Female,86,3,2,7,4,0,6583,20115,2,1,11,3,4,1,8,2,3,5,2,1,4,5,6231.0,352.0,2.5,26-35,No,0.03795785324278584,Low
34,No,2,735,Sales,3,1,3,4,Female,75,2,2,7,4,1,8103,16495,3,1,12,3,3,0,9,3,2,4,2,0,1,4,6231.0,1872.0,4.0,26-35,No,0.06312928400345137,Low
31,No,2,471,Research & Development,4,3,3,1,Female,62,4,1,2,3,0,3978,16031,8,0,12,3,2,1,4,0,2,2,2,2,2,2,2886.0,1092.0,0.6666666666666666,26-35,No,0.10678947841125307,Low
26,No,1,1096,Research & Development,6,3,4,3,Male,61,4,1,2,4,1,2544,7102,0,0,18,3,1,1,8,3,3,7,7,7,7,7,2886.0,-342.0,0.875,26-35,No,0.07478515013325875,Low
45,No,1,1297,Research & Development,1,4,3,2,Male,44,3,2,0,3,2,5399,14511,4,0,12,3,3,0,12,3,3,4,2,0,3,4,6811.0,-1412.0,4.0,36-45,No,0.023204373339675115,Low
33,No,2,217,Sales,10,4,2,2,Male,43,3,2,7,3,2,5487,10410,1,0,14,3,2,0,10,2,2,10,4,0,9,10,6231.0,-744.0,10.0,26-35,No,0.05412023173013507,Low
28,No,1,783,Sales,1,2,1,3,Male,42,2,2,7,4,1,6834,19255,1,1,12,3,3,1,7,2,3,7,7,0,7,7,6231.0,603.0,7.0,26-35,No,0.034878189516594806,Low
29,Yes,1,746,Sales,24,3,5,3,Male,45,4,1,8,1,2,1091,10642,1,0,17,3,4,0,1,3,3,1,0,0,0,1,2579.0,-1488.0,1.0,26-35,Yes,0.9018034772388487,High
39,No,0,1251,Sales,21,4,1,1,Female,32,1,2,7,3,1,5736,3987,6,0,19,3,3,1,10,1,3,3,2,1,2,3,6231.0,-495.0,1.5,36-45,No,0.2743323371178141,Low
27,No,2,1354,Research & Development,2,4,5,2,Male,41,3,1,6,2,1,2226,6073,1,0,11,3,3,1,6,3,2,5,3,1,2,5,2887.5,-661.5,2.5,26-35,No,0.05491132095342963,Low
34,No,1,735,Research & Development,22,4,4,3,Male,86,2,2,6,4,1,5747,26496,1,1,15,3,2,0,16,3,3,15,10,6,11,15,2887.5,2859.5,2.142857142857143,26-35,No,0.06754978101844934,Low
28,Yes,2,1475,Sales,13,2,2,4,Female,84,3,2,7,3,2,9854,23352,3,1,11,3,4,0,6,0,3,2,0,2,2,2,6231.0,3623.0,0.6666666666666666,26-35,Yes,0.7585316525109023,High
47,No,0,1169,Research & Development,14,4,5,3,Male,64,3,2,6,2,1,5467,2125,8,0,18,3,3,1,16,4,4,8,7,1,7,8,2887.5,2579.5,4.0,46-60,No,0.04504906182012894,Low
56,No,2,1443,Sales,11,5,2,4,Female,89,2,2,7,1,1,5380,20328,4,0,16,3,3,1,6,3,3,0,0,0,0,0,6231.0,-851.0,0.0,46-60,No,0.12567474824173336,Low
39,No,2,867,Research & Development,9,2,3,1,Male,87,3,2,4,1,1,5151,12315,1,0,25,4,4,1,10,3,3,10,0,7,9,10,6447.0,-1296.0,1.25,36-45,No,0.03255445761999993,Low
38,No,1,1394,Research & Development,8,3,3,4,Female,58,2,2,6,2,0,2133,18115,1,1,16,3,3,1,20,3,3,20,11,0,7,20,2887.5,-754.5,20.0,36-45,No,0.07717520304361779,Low
58,No,2,605,Sales,21,3,1,4,Female,72,3,4,3,4,1,17875,11761,4,1,13,3,3,1,29,2,2,1,0,0,0,1,17454.5,420.5,1.0,46-60,No,0.05830442044765063,Low
32,Yes,1,238,Research & Development,5,2,1,1,Female,47,4,1,6,3,2,2432,15318,3,1,14,3,1,0,8,2,3,4,1,0,3,4,2887.5,-455.5,4.0,26-35,Yes,0.6246440532241445,High
38,No,2,1206,Research & Development,9,2,1,2,Male,71,3,1,6,4,0,4771,14293,2,0,19,3,4,2,10,0,4,5,2,0,3,5,2887.5,1883.5,5.0,36-45,No,0.030048126860434086,Low
49,No,1,1064,Research & Development,2,1,1,2,Male,42,3,5,5,4,1,19161,13738,3,0,15,3,4,0,28,3,3,5,4,4,3,5,16510.0,2651.0,1.0,46-60,No,0.024013289325281583,Low
42,No,2,419,Sales,12,4,2,2,Male,77,3,2,7,4,0,5087,2900,3,1,12,3,3,2,14,4,3,0,0,0,0,0,6231.0,-1144.0,0.0,36-45,No,0.089534532851615,Low
27,Yes,1,1337,Human Resources,22,3,0,1,Female,58,2,1,1,2,1,2863,19555,1,0,12,3,1,0,1,2,3,1,0,0,0,1,3093.0,-230.0,1.0,26-35,Yes,0.8410268951147266,High
35,No,2,682,Sales,18,4,3,2,Male,71,3,2,7,1,1,5561,15975,0,0,16,3,4,1,6,2,1,5,3,0,4,5,6231.0,-670.0,5.0,26-35,No,0.054286657372427376,Low
28,No,0,1103,Research & Development,16,3,3,3,Male,49,3,1,6,3,2,2144,2122,1,0,14,3,3,0,5,3,2,5,3,1,4,5,2887.5,-743.5,2.5,26-35,No,0.044832131124192265,Low
31,No,0,976,Research & Development,3,2,3,3,Male,48,3,1,6,1,0,3065,3995,1,1,13,3,4,1,4,3,4,4,2,2,3,4,2887.5,177.5,1.3333333333333333,26-35,No,0.06683784411397126,Low
36,No,0,1351,Research & Development,9,4,1,1,Male,66,4,1,2,2,1,2810,9238,1,0,22,4,2,0,5,3,3,5,4,0,2,5,2886.0,-76.0,5.0,36-45,No,0.13779410616038434,Low
34,No,2,937,Sales,1,3,2,1,Male,32,3,3,7,4,2,9888,6770,1,0,21,4,1,0,14,3,2,14,8,2,1,14,6231.0,3657.0,4.666666666666667,26-35,No,0.19157109273896267,Low
34,No,2,1239,Sales,13,4,3,4,Male,39,3,3,7,3,0,8628,22914,1,0,18,3,3,1,9,2,2,8,7,1,1,8,6231.0,2397.0,4.0,26-35,No,0.03883247419941317,Low
26,No,2,157,Research & Development,1,3,3,3,Male,95,3,1,2,1,2,2867,20006,0,0,13,3,4,0,8,6,2,7,7,7,6,7,2886.0,-19.0,0.875,26-35,No,0.09105537350389566,Low
29,No,2,136,Research & Development,1,3,1,1,Male,89,3,2,0,1,1,5373,6225,0,0,12,3,1,1,6,5,2,5,3,0,2,5,6811.0,-1438.0,5.0,26-35,No,0.06186237146013044,Low
32,No,0,1146,Research & Development,15,4,3,3,Female,34,3,2,0,4,0,6667,16542,5,0,18,3,2,1,9,6,3,5,1,1,2,5,6811.0,-144.0,2.5,26-35,No,0.028104676389131916,Low
31,No,1,1125,Research & Development,1,3,1,4,Male,48,1,2,6,1,1,5003,5771,1,0,21,4,2,0,10,6,3,10,8,8,7,10,2887.5,2115.5,1.1111111111111112,26-35,No,0.23155123859322624,Low
28,Yes,2,1404,Research & Development,17,3,5,3,Male,32,2,1,2,4,0,2367,18779,5,0,12,3,1,1,6,2,2,4,1,0,3,4,2886.0,-519.0,4.0,26-35,Yes,0.573434564494685,Low
38,No,2,1404,Sales,1,3,1,1,Male,59,2,1,8,1,2,2858,11473,4,0,14,3,1,0,20,3,2,1,0,0,0,1,2579.0,279.0,1.0,36-45,No,0.36697306083196424,Low
35,No,2,1224,Sales,7,4,1,3,Female,55,3,2,7,4,1,5204,13586,1,1,11,3,4,0,10,2,3,10,8,0,9,10,6231.0,-1027.0,10.0,26-35,No,0.055391496362792766,Low
27,No,2,954,Sales,9,3,2,4,Male,44,3,2,7,4,2,4105,5099,1,0,14,3,1,0,7,5,3,7,7,0,7,7,6231.0,-2126.0,7.0,26-35,No,0.03412100983752201,Low
32,No,2,1373,Research & Development,5,4,1,4,Male,56,2,2,4,4,2,9679,10138,8,0,24,4,2,0,8,1,3,1,0,0,0,1,6447.0,3232.0,1.0,26-35,No,0.10087688971634116,Low
31,Yes,1,754,Sales,26,4,2,1,Male,63,3,2,7,4,1,5617,21075,1,1,11,3,3,0,10,4,3,10,7,0,8,10,6231.0,-614.0,10.0,26-35,Yes,0.5491936405335771,Low
53,Yes,2,1168,Sales,24,4,1,1,Male,66,3,3,7,1,2,10448,5843,6,1,13,3,2,0,15,2,2,2,2,2,2,2,6231.0,4217.0,0.6666666666666666,46-60,Yes,0.7497329832327986,High
54,No,2,155,Research & Development,9,2,1,1,Female,67,3,2,6,3,1,2897,22474,3,0,11,3,3,2,9,6,2,4,3,2,3,4,2887.5,9.5,1.3333333333333333,46-60,No,0.10289737709565437,Low
33,No,1,1303,Research & Development,7,2,1,4,Male,36,3,2,0,3,0,5968,18079,1,0,20,4,3,3,9,2,3,9,7,2,8,9,6811.0,-843.0,3.0,26-35,No,0.019891885968145066,Low
43,No,2,574,Research & Development,11,3,1,1,Male,30,3,3,0,3,1,7510,16873,1,0,17,3,2,1,10,1,3,10,9,0,9,10,6811.0,699.0,10.0,36-45,No,0.06867371361369523,Low
38,No,1,1444,Human Resources,1,4,4,4,Male,88,3,1,1,2,1,2991,5224,0,1,11,3,2,1,7,2,3,6,2,1,2,6,3093.0,-102.0,3.0,36-45,No,0.07558271054297187,Low
55,No,2,189,Human Resources,26,4,0,3,Male,71,4,5,3,2,1,19636,25811,4,1,18,3,1,1,35,0,3,10,9,1,4,10,17454.5,2181.5,5.0,46-60,No,0.07684140979156386,Low
31,No,2,1276,Research & Development,2,1,3,4,Female,59,1,1,2,4,0,1129,17536,1,1,11,3,3,3,1,4,3,1,0,0,0,1,2886.0,-1757.0,1.0,26-35,No,0.49919929453262785,Low
39,No,2,119,Sales,15,4,2,2,Male,77,3,4,7,1,2,13341,25098,0,0,12,3,1,0,21,3,3,20,8,11,10,20,6231.0,7110.0,1.6666666666666667,36-45,No,0.11803280549646679,Low
42,No,0,335,Research & Development,23,2,1,4,Male,37,2,2,6,3,2,4332,14811,1,0,12,3,4,0,20,2,3,20,9,3,7,20,2887.5,1444.5,5.0,36-45,No,0.0422003260671,Low
31,No,0,697,Research & Development,10,3,3,3,Female,40,3,3,5,3,1,11031,26862,4,0,20,4,3,1,13,2,4,11,7,4,8,11,16510.0,-5479.0,2.2,26-35,No,0.0359975238076491,Low
54,No,2,157,Research & Development,10,3,3,3,Female,77,3,2,4,1,2,4440,25198,6,1,19,3,4,0,9,3,3,5,2,1,4,5,6447.0,-2007.0,2.5,46-60,No,0.04610196816430005,Low
24,No,2,771,Research & Development,1,2,1,2,Male,45,2,2,0,3,2,4617,14120,1,0,12,3,2,0,4,2,2,4,3,1,2,4,6811.0,-2194.0,2.0,18-25,No,0.029274259879518164,Low
23,No,2,571,Research & Development,12,2,4,4,Male,78,3,1,2,4,2,2647,13672,1,0,13,3,3,0,5,6,4,5,2,1,4,5,2886.0,-239.0,2.5,18-25,No,0.07669753074493053,Low
40,No,1,692,Research & Development,11,3,5,4,Female,73,3,2,2,3,1,6323,26849,1,0,11,3,1,1,10,2,4,10,9,9,4,10,2886.0,3437.0,1.0,36-45,No,0.09271788551036074,Low
40,No,2,444,Sales,2,2,2,2,Female,92,3,2,7,2,1,5677,4258,3,0,14,3,3,1,15,4,3,11,8,5,10,11,6231.0,-554.0,1.8333333333333333,36-45,No,0.02646413395961591,Low
25,No,2,309,Human Resources,2,3,0,3,Female,82,3,1,1,2,1,2187,19655,4,0,14,3,3,0,6,3,3,2,0,1,2,2,3093.0,-906.0,1.0,18-25,No,0.1063641953109184,Low
30,No,2,911,Research & Development,1,2,3,4,Male,76,3,1,2,2,1,3748,4077,1,0,13,3,3,0,12,6,2,12,8,1,7,12,2886.0,862.0,6.0,26-35,No,0.044849713217497554,Low
25,No,2,977,Research & Development,2,1,4,4,Male,57,3,1,2,3,0,3977,7298,6,1,19,3,3,1,7,2,2,2,2,0,2,2,2886.0,1091.0,2.0,18-25,No,0.14367904469376316,Low
47,No,2,1180,Research & Development,25,3,3,1,Male,84,3,3,0,3,2,8633,13084,2,0,23,4,2,0,25,3,3,17,14,12,11,17,6811.0,1822.0,1.3076923076923077,46-60,No,0.03358016905514764,Low
33,No,0,1313,Research & Development,1,2,3,2,Male,59,2,1,2,3,0,2008,20439,1,0,12,3,3,3,1,2,2,1,1,0,0,1,2886.0,-878.0,1.0,26-35,No,0.12680724034932123,Low
38,No,2,1321,Sales,1,4,1,4,Male,86,3,2,7,2,1,4440,7636,0,0,15,3,1,2,16,3,3,15,13,5,8,15,6231.0,-1791.0,2.5,36-45,No,0.037258504611530276,Low
31,No,2,1154,Sales,2,2,1,1,Male,54,3,1,8,3,1,3067,6393,0,0,19,3,3,1,3,1,3,2,2,1,2,2,2579.0,488.0,1.0,26-35,No,0.08151477252117281,Low
38,No,1,508,Research & Development,6,4,1,1,Male,72,2,2,4,3,1,5321,14284,2,0,11,3,4,1,10,1,3,8,3,7,7,8,6447.0,-1126.0,1.0,36-45,No,0.04329235252302902,Low
42,No,2,557,Research & Development,18,4,1,4,Male,35,3,2,6,1,0,5410,11189,6,1,17,3,3,1,9,3,2,4,3,1,2,4,2887.5,2522.5,2.0,36-45,No,0.049488850346922506,Low
41,No,2,642,Research & Development,1,3,1,4,Male,76,3,1,6,4,1,2782,21412,3,0,22,4,1,1,12,3,3,5,3,1,0,5,2887.5,-105.5,2.5,36-45,No,0.03680564502479995,Low
47,No,0,1162,Research & Development,1,1,3,3,Female,98,3,3,5,2,1,11957,17231,0,0,18,3,1,2,14,3,1,13,8,5,12,13,16510.0,-4553.0,2.1666666666666665,46-60,No,0.03861720774462805,Low
35,No,2,1490,Research & Development,11,4,3,4,Male,43,3,1,2,3,1,2660,20232,7,1,11,3,3,1,5,3,3,2,2,2,2,2,2886.0,-226.0,0.6666666666666666,26-35,No,0.12686778220885345,Low
22,No,2,581,Research & Development,1,2,1,4,Male,63,3,1,6,3,2,3375,17624,0,0,12,3,4,0,4,2,4,3,2,1,2,3,2887.5,487.5,1.5,18-25,No,0.05269236010566334,Low
35,No,2,1395,Research & Development,9,4,3,2,Male,48,3,2,6,3,2,5098,18698,1,0,19,3,2,0,10,5,3,10,7,0,8,10,2887.5,2210.5,10.0,26-35,No,0.03332430935635708,Low
33,No,2,501,Research & Development,15,2,3,2,Female,95,3,2,0,4,1,4878,21653,0,1,13,3,1,1,10,6,3,9,7,8,1,9,6811.0,-1933.0,1.0,26-35,No,0.06606242392768728,Low
32,No,2,267,Research & Development,29,4,1,3,Female,49,2,1,2,2,2,2837,15919,1,0,13,3,3,0,6,3,3,6,2,4,1,6,2886.0,-49.0,1.2,26-35,No,0.15039447122530983,Low
40,No,2,543,Research & Development,1,4,1,1,Male,83,3,1,2,4,1,2406,4060,8,0,19,3,3,2,8,3,2,1,0,0,0,1,2886.0,-480.0,1.0,36-45,No,0.12010950812084194,Low
32,No,2,234,Sales,1,4,3,2,Male,68,2,1,8,2,1,2269,18024,0,0,14,3,2,1,3,2,3,2,2,2,2,2,2579.0,-310.0,0.6666666666666666,26-35,No,0.06197660206884836,Low
39,No,2,116,Research & Development,24,1,1,1,Male,52,3,2,6,4,2,4108,5340,7,0,13,3,1,0,18,2,3,7,7,1,7,7,2887.5,1220.5,3.5,36-45,No,0.10418294144739774,Low
38,No,2,201,Research & Development,10,3,3,2,Female,99,1,3,5,3,1,13206,3376,3,0,12,3,1,1,20,3,3,18,16,1,11,18,16510.0,-3304.0,9.0,36-45,No,0.01865148192049729,Low
32,No,2,801,Sales,1,4,2,3,Female,48,3,3,7,4,1,10422,24032,1,0,19,3,3,2,14,3,3,14,10,5,7,14,6231.0,4191.0,2.3333333333333335,26-35,No,0.05138564319175543,Low
37,No,2,161,Research & Development,10,3,1,3,Female,42,4,3,5,4,1,13744,15471,1,1,25,4,1,1,16,2,3,16,11,6,8,16,16510.0,-2766.0,2.2857142857142856,36-45,No,0.030418154487186034,Low
25,No,2,1382,Sales,8,2,4,1,Female,85,3,2,7,3,0,4907,13684,0,1,22,4,2,1,6,3,2,5,3,0,4,5,6231.0,-1324.0,5.0,18-25,No,0.13591046391218412,Low
52,No,0,585,Sales,29,4,1,1,Male,40,3,1,8,4,0,3482,19788,2,0,15,3,2,2,16,3,2,9,8,0,0,9,2579.0,903.0,9.0,46-60,No,0.19749266258125286,Low
44,No,2,1037,Research & Development,1,3,3,2,Male,42,3,1,6,4,2,2436,13422,6,1,12,3,3,0,6,2,3,4,3,1,2,4,2887.5,-451.5,2.0,36-45,No,0.12601199948640635,Low
21,No,2,501,Sales,5,1,3,3,Male,58,3,1,8,1,2,2380,25479,1,1,11,3,4,0,2,6,3,2,2,1,2,2,2579.0,-199.0,1.0,18-25,No,0.19897530978292755,Low
39,No,0,105,Research & Development,9,3,1,4,Male,87,3,5,3,4,2,19431,15302,2,0,13,3,3,0,21,3,2,6,0,1,3,6,17454.5,1976.5,3.0,36-45,No,0.047793878898895914,Low
23,Yes,1,638,Sales,9,3,2,4,Male,33,3,1,8,1,1,1790,26956,1,0,19,3,1,1,1,3,2,1,0,1,0,1,2579.0,-789.0,0.5,18-25,Yes,0.8541721535982815,High
36,No,2,557,Sales,3,3,3,1,Female,94,2,3,7,4,1,7644,12695,0,0,19,3,3,2,10,2,3,9,7,3,4,9,6231.0,1413.0,2.25,36-45,No,0.035913427335143404,Low
36,No,1,688,Research & Development,4,2,1,4,Female,97,3,2,4,2,0,5131,9192,7,0,13,3,2,3,18,3,3,4,2,0,2,4,6447.0,-1316.0,4.0,36-45,No,0.028362628473227975,Low
56,No,0,667,Research & Development,1,4,1,3,Male,57,3,2,0,3,0,6306,26236,1,0,21,4,1,1,13,2,2,13,12,1,9,13,6811.0,-505.0,6.5,46-60,No,0.018553950809621574,Low
29,Yes,2,1092,Research & Development,1,4,3,1,Male,36,3,1,6,4,1,4787,26124,9,1,14,3,2,3,4,3,4,2,2,2,2,2,2887.5,1899.5,0.6666666666666666,26-35,No,0.31377904957523045,Low
42,No,2,300,Research & Development,2,3,1,1,Male,56,3,5,3,3,1,18880,17312,5,0,11,3,1,0,24,2,2,22,6,4,14,22,17454.5,1425.5,4.4,36-45,No,0.04626781553220593,Low
56,Yes,2,310,Research & Development,7,2,5,4,Male,72,3,1,2,3,1,2339,3666,8,0,11,3,4,1,14,4,1,10,9,9,8,10,2886.0,-547.0,1.0,46-60,Yes,0.7082237608851341,High
41,No,2,582,Research & Development,28,4,1,1,Female,60,2,4,4,2,1,13570,5640,0,0,23,4,3,1,21,3,3,20,7,0,10,20,6447.0,7123.0,20.0,36-45,No,0.03256941894252937,Low
34,No,2,704,Sales,28,3,2,4,Female,95,2,2,7,3,1,6712,8978,1,0,21,4,4,2,8,2,3,8,7,1,7,8,6231.0,481.0,4.0,26-35,No,0.06511819229500194,Low
36,No,0,301,Sales,15,4,2,4,Male,88,1,2,7,4,0,5406,10436,1,0,24,4,1,1,15,4,2,15,12,11,11,15,6231.0,-825.0,1.25,36-45,No,0.15324957039668374,Low
41,No,2,930,Sales,3,3,1,3,Male,57,2,2,7,2,0,8938,12227,2,0,11,3,3,1,14,5,3,5,4,0,4,5,6231.0,2707.0,5.0,36-45,No,0.028268536040083763,Low
32,No,2,529,Research & Development,2,3,5,4,Male,78,3,1,6,1,2,2439,11288,1,0,14,3,4,0,4,4,3,4,2,1,2,4,2887.5,-448.5,2.0,26-35,No,0.07181136266934914,Low
35,No,2,1146,Human Resources,26,4,1,3,Female,31,3,3,1,4,2,8837,16642,1,1,16,3,3,0,9,2,3,9,0,1,7,9,3093.0,5744.0,4.5,26-35,No,0.21001749299697708,Low
38,No,2,345,Sales,10,2,1,1,Female,100,3,2,7,4,1,5343,5982,1,0,11,3,3,1,10,1,3,10,7,1,9,10,6231.0,-888.0,5.0,36-45,No,0.11172290492237635,Low
50,Yes,1,878,Sales,1,4,1,2,Male,94,3,2,7,3,0,6728,14255,7,0,12,3,4,2,12,3,3,6,3,0,1,6,6231.0,497.0,6.0,46-60,No,0.3628919535098174,Low
36,No,2,1120,Sales,11,4,2,2,Female,100,2,2,7,4,1,6652,14369,4,0,13,3,1,1,8,2,2,6,3,0,0,6,6231.0,421.0,6.0,36-45,No,0.061489043728012914,Low
45,No,2,374,Sales,20,3,1,4,Female,50,3,2,7,3,2,4850,23333,8,0,15,3,3,0,8,3,3,5,3,0,1,5,6231.0,-1381.0,5.0,36-45,No,0.0733462760471092,Low
40,No,2,1322,Research & Development,2,4,1,3,Male,52,2,1,6,3,2,2809,2725,2,0,14,3,4,0,8,2,3,2,2,2,2,2,2887.5,-78.5,0.6666666666666666,36-45,No,0.05677551705412747,Low
35,No,1,1199,Research & Development,18,4,1,3,Male,80,3,2,0,3,1,5689,24594,1,1,14,3,4,2,10,2,4,10,2,0,2,10,6811.0,-1122.0,10.0,26-35,No,0.034175037640598975,Low
40,No,2,1194,Research & Development,2,4,3,3,Female,98,3,1,6,3,1,2001,12549,2,0,14,3,2,3,20,2,3,5,3,0,2,5,2887.5,-886.5,5.0,36-45,No,0.05893274191428143,Low
35,No,2,287,Research & Development,1,4,1,3,Female,62,1,1,6,4,1,2977,8952,1,0,12,3,4,1,4,5,3,4,3,1,1,4,2887.5,89.5,2.0,26-35,No,0.10925923616895751,Low
29,No,2,1378,Research & Development,13,2,4,4,Male,46,2,2,2,2,1,4025,23679,4,1,13,3,1,1,10,2,3,4,3,0,3,4,2886.0,1139.0,4.0,26-35,No,0.09334989097487613,Low
29,No,2,468,Research & Development,28,4,3,4,Female,73,2,1,6,1,2,3785,8489,1,0,14,3,2,0,5,3,1,5,4,0,4,5,2887.5,897.5,5.0,26-35,No,0.15685425411291243,Low
50,Yes,2,410,Sales,28,3,2,4,Male,39,2,3,7,1,0,10854,16586,4,1,13,3,2,1,20,3,3,3,2,2,0,3,6231.0,4623.0,1.0,46-60,Yes,0.6013220346500052,High
39,No,2,722,Sales,24,1,2,2,Female,60,2,4,7,4,1,12031,8828,0,0,11,3,1,1,21,2,2,20,9,9,6,20,6231.0,5800.0,2.0,36-45,No,0.08487019678327525,Low
31,No,0,325,Research & Development,5,3,3,2,Male,74,3,2,4,1,2,9936,3787,0,0,19,3,2,0,10,2,3,9,4,1,7,9,6447.0,3489.0,4.5,26-35,No,0.06427149035488121,Low
26,No,2,1167,Sales,5,3,4,4,Female,30,2,1,8,3,2,2966,21378,0,0,18,3,4,0,5,2,3,4,2,0,0,4,2579.0,387.0,4.0,26-35,No,0.12695305201534085,Low
36,No,1,884,Research & Development,23,2,3,3,Male,41,4,2,2,4,1,2571,12290,4,0,17,3,3,1,17,3,3,5,2,0,3,5,2886.0,-315.0,5.0,36-45,No,0.04410362766963164,Low
39,No,2,613,Research & Development,6,1,3,4,Male,42,2,3,0,1,1,9991,21457,4,0,15,3,1,1,9,5,3,7,7,1,7,7,6811.0,3180.0,3.5,36-45,No,0.03342919334201082,Low
27,No,2,155,Research & Development,4,3,1,2,Male,87,4,2,4,2,1,6142,5174,1,1,20,4,2,1,6,0,3,6,2,0,3,6,6447.0,-305.0,6.0,26-35,No,0.05883385760255752,Low
49,No,1,1023,Sales,2,3,3,4,Male,63,2,2,7,2,1,5390,13243,2,0,14,3,4,0,17,3,2,9,6,0,8,9,6231.0,-841.0,9.0,46-60,No,0.06721252889046134,Low
34,No,2,628,Research & Development,8,3,3,2,Male,82,4,2,2,3,1,4404,10228,2,0,12,3,1,0,6,3,4,4,3,1,2,4,2886.0,1518.0,2.0,26-35,No,0.08420844584170367,Low
